datum	izvor	naslov	url	tip	stav	sazetak	provjereno
2025-02-21	baustela.hr	Stadion Maksimir sa 35.000 mjesta koštat će 175 milijuna eura, prva utakmica 2030.	https://baustela.hr/novosti/vijesti/6401/stadion-maksimir-sa-35000-mjesta-kostat-ce-175-milijuna-eura-prva-utakmica-2030/vijest	vijest	neutralno	Baustela donosi osnovne parametre budućeg stadiona: 35.000 mjesta, procjena 175 milijuna eura i prva utakmica 2030.	da
2025-02-21	direktno.hr	Maksimirski stadion odmah se našao na dnevnom redu Vlade: Ovo su detalji sporazma	https://direktno.hr/zagreb/maksimirski-stadion-odmah-se-nasao-na-dnevnom-redu-vlade-ovo-su-detalji-sporazma-365526/	vijest	neutralno	Direktno izvještava da se sporazum o Maksimiru odmah našao na sjednici Vlade i donosi njegove detalje.	da
2025-02-21	direktno.hr	Otkriveno koliko će mjesta imati novi Maksimir: Tomašević objavio koliko će sve koštati	https://direktno.hr/sport/otkriveno-koliko-ce-mjesta-imati-novi-maksimir-tomasevic-objavio-koliko-ce-sve-kostati-365497/	vijest	neutralno	Direktno prenosi Tomaševićevu objavu kapaciteta i troškova novog Maksimira pri predstavljanju sporazuma.	da
2025-02-21	dnevno.hr	Dinamovi navijači ne vjeruju u novi stadion: '175 milijuna eura skupa laž'	https://www.dnevno.hr/sport/nogomet/dinamovi-navijaci-ne-vjeruju-u-novi-stadion-175-milijuna-eura-skupa-laz-2663696/	vijest	neutralno	Dnevno prenosi skepsu Dinamovih navijača prema najavi novog stadiona i cijeni od 175 milijuna eura.	da
2025-02-21	germanijak.hr	Novi Maksimir: Koštat će oko 200 milijuna eura, imat će 35 tisuća mjesta! Rok - početak 2029.!	https://www.germanijak.hr/nogomet/vijesti/uzivo-projekt-novog-stadiona-imat-ce-35-tisuca-mjesta-drzava-i-grad-sudjeluju-5050-rok-pocetak-2029/141890	vijest	neutralno	Germanijak prati predstavljanje projekta: 35.000 mjesta, financiranje 50:50, rok početak 2029.	da
2025-02-21	gnkdinamo.hr	Veliki dan za Dinamo, Zagreb i Hrvatsku: Vlada RH i Grad Zagreb izradili sporazum o gradnji stadiona	https://gnkdinamo.hr/hr/vijesti/clanak/sporazum	priopcenje	neutralno	Dinamo pozdravlja sporazum Vlade i Grada o gradnji novog stadiona kao veliki dan za klub.	da
2025-02-21	n1info.hr	Predstavljen projekt novog stadiona Maksimir: Poznat rok završetka i koliko će sve koštati	https://n1info.hr/vijesti/predstavljen-projekt-novog-stadiona-maksimir/	vijest	neutralno	N1 izvještava o predstavljanju projekta novog stadiona Maksimir, roku završetka i procijenjenoj cijeni.	da
2025-02-21	novilist.hr	Novi Maksimir koštat će 175 milijuna eura, objavljeni detalji novog stadiona u Zagrebu	https://www.novilist.hr/sport/nogomet/novi-maksimir-kostat-ce-175-milijuna-eura-objavljeni-detalji-novog-stadiona-u-zagrebu/	vijest	neutralno	Novi list donosi detalje sporazuma o novom Maksimiru vrijednom 175 milijuna eura.	da
2025-02-21	poslovni.hr	Predstavljen projekt izgradnje novog stadiona Maksimir. Koštat će oko 175 milijuna eura, a rok je početak 2029.	https://www.poslovni.hr/nekretnine/predstavljen-projekt-izgradnje-novog-stadiona-maksimir-kostat-ce-oko-175-milijuna-eura-a-rok-je-pocetak-2029-4473261	vijest	neutralno	Poslovni dnevnik izvještava o predstavljanju projekta izgradnje novog stadiona Maksimir i roku.	da
2025-02-21	slobodnadalmacija.hr	Predstavljen projekt novog stadiona na Maksimiru: otkriveni detalji, kapacitet i rok završetka	https://slobodnadalmacija.hr/vijesti/hrvatska/predstavljen-projekt-novog-stadiona-na-maksimiru-otkriveni-detalji-kapacitet-i-rok-zavrsetka-1456094	vijest	neutralno	Slobodna Dalmacija prenosi detalje predstavljenog projekta novog stadiona na Maksimiru, kapacitet i rok.	da
2025-02-21	sport.hrt.hr	Kustić: Potpisani plan za Maksimir je ambiciozan, visoko dižemo letvicu	https://sport.hrt.hr/hrvatski-nogomet/predsjednik-hns-a-marijan-kustic-12025056	vijest	neutralno	Predsjednik HNS-a Kustić ocjenjuje potpisani plan za Maksimir ambicioznim.	da
2025-02-21	sportklub.hr	Predstavljen je novi Maksimir kao i Kranjčevićeva, evo koliko će koštati i kada će biti gotovi	https://sportklub.hr/nogomet/predstavljen-je-novi-maksimir-kao-i-kranjceviceva-evo-kada-ce-stadioni-biti-gotovi/	vijest	neutralno	Sportklub donosi plan gradnje novog Maksimira i Kranjčevićeve s troškovima i rokovima.	da
2025-02-21	sportnet.hr	Novi stadion u Maksimiru imat će kapacitet oko 35 tisuća mjesta i koštat će oko 175 milijuna eura	https://sportnet.hr/vijesti/nogomet-supersport-hnl/novi-stadion-u-maksimiru-imat-ce-kapacitet-oko-35-tisuca-mjesta-i-kostat-ce-oko-175-milijuna-eura/608113/	vijest	neutralno	Najava projekta: sporazum o rušenju i gradnji stadiona od 35.000 mjesta i 175 milijuna eura.	da
2025-02-21	telegram.hr	Tomašević s hrpom HDZ-ovaca predstavio plan gradnje Maksimira. 'Trebao bi koštati 5000 € po stolici'	https://www.telegram.hr/politika-kriminal/tomasevic-i-korlaet-s-hrpom-hdz-ovaca-predstavili-plan-gradnje-novog-maksimira-procjena-je-da-ce-kostati-5000-eura-po-stolici/	vijest	neutralno	Telegram s kritičkim tonom izvještava o predstavljanju plana gradnje, uz izračun od oko 5000 eura po sjedalu.	da
2025-02-21	vijesti.hrt.hr	Novi stadion u Maksimiru stajat će 175 mil. eura, trebao bi biti gotov do 2029.	https://vijesti.hrt.hr/hrvatska/predstavljanje-projekta-izgradnje-novog-stadiona-maksimir-12024530	vijest	neutralno	HRT izvještava da će novi stadion stajati 175 milijuna eura i biti gotov do 2029.	da
2025-02-21	vlada.gov.hr	Plenković: Novi stadion Maksimir bit će moćna arhitektonska poruka o tome što je nogomet za Zagreb i za Hrvatsku	https://vlada.gov.hr/plenkovic-novi-stadion-maksimir-bit-ce-mocna-arhitektonska-poruka-o-tome-sto-je-nogomet-za-zagreb-i-za-hrvatsku-45539/45539	sluzbeno	neutralno	Plenković na potpisivanju sporazuma najavljuje da će novi Maksimir biti snažna arhitektonska poruka i da će se raspisati međunarodni natječaj.	da
2025-02-21	zagreb.hr	Predstavljen sporazum o izgradnji novog stadiona Maksimir	https://zagreb.hr/predstavljen-sporazum-o-izgradnji-novog-stadiona-m/206810	sluzbeno	neutralno	Grad Zagreb predstavlja sporazum s Vladom o uklanjanju starog i gradnji novog stadiona Maksimir s podjelom troška 50:50.	da
2025-02-21	zagreb.info	Detalji novog stadiona u Maksimiru: 'Imat će 35 tisuća mjesta, ruši se stari stadion da bi se izgradio novi'	https://www.zagreb.info/sport/detalji-novog-stadiona-u-maksimiru-imat-ce-35-tisuca-mjesta-rusi-se-stari-stadion-da-bi-se-izgradio-novi/709369/	vijest	neutralno	Zagreb.info donosi detalje novog stadiona: 35.000 mjesta i rušenje starog stadiona.	da
2025-02-22	dnevno.hr	Dinamov stadion bit će među najskupljima u regiji: Pogledajte koliko dođu slični stadioni	https://www.dnevno.hr/sport/nogomet/dinamov-stadion-bit-ce-medu-najskupljima-u-regiji-pogledajte-koliko-dodu-slicni-stadioni-2663858/	analiza	neutralno	Dnevno uspoređuje cijenu budućeg Dinamova stadiona s cijenama sličnih stadiona u regiji.	da
2025-02-22	zagreb.info	Novi Maksimir neće biti nimalo jeftin: Neki su gradili za puno manje	https://www.zagreb.info/sport/novi-maksimir-nece-biti-nimalo-jeftin-neki-su-gradili-za-puno-manje/709599/	analiza	neutralno	Zagreb.info uspoređuje procijenjenu cijenu novog Maksimira s jeftinijim stadionima drugdje.	da
2025-03-05	sport.hrt.hr	Maksimirski stadion projekt za budućnost hrvatskog nogometa	https://sport.hrt.hr/hrvatski-nogomet/otvoreno-maksimirski-stadion-12044956	video	neutralno	HRT-ova emisija Otvoreno raspravlja o novom maksimirskom stadionu kao projektu za budućnost hrvatskog nogometa.	da
2025-03-05	vijesti.hrt.hr	Otvoreno o izgradnji novog stadiona Maksimir	https://vijesti.hrt.hr/hrvatska/otvoreno-685-12034953	video	neutralno	Najava i snimka emisije Otvoreno o izgradnji novog stadiona Maksimir.	da
2025-03-06	dnevno.hr	Novi maksimirski stadion dobit će posebnu tribinu: Ovo će sve promijeniti	https://www.dnevno.hr/sport/nogomet/novi-maksimirski-stadion-dobit-ce-posebnu-tribinu-ovo-ce-sve-promijeniti-2674158/	vijest	neutralno	Dnevno piše da će novi stadion dobiti posebnu stajaću navijačku tribinu.	da
2025-03-06	sportklub.hr	Boysi zahtijevaju da novi Maksimir ima tribinu po uzoru na Žuti zid	https://sportklub.hr/nogomet/boysi-zahtjevaju-da-novi-maksimir-ima-tribinu-po-uzoru-na-zuti-zid-da-protivnicima-klecaju-koljena/	vijest	neutralno	Bad Blue Boysi traže da novi Maksimir ima južnu tribinu po uzoru na dortmundski Žuti zid.	da
2025-03-11	zagreb.info	Novi Maksimir imat će jedan veliki nedostatak: Ne ide u prilog Zagrebu ni Hrvatskoj	https://www.zagreb.info/sport/novi-maksimir-imat-ce-jedan-veliki-nedostatak-ne-ide-u-prilog-zagrebu-ni-hrvatskoj/714498/	analiza	neutralno	Zagreb.info upozorava na nedostatak novog Maksimira koji ne ide u prilog Zagrebu i Hrvatskoj.	da
2025-03-26	dnevno.hr	Dinamo otkrio što će sve imati novi Maksimir, a transferi nadmašili Ligu prvaka	https://www.dnevno.hr/sport/nogomet/dinamo-otkrio-sto-ce-sve-imati-novi-maksimir-od-lige-prvaka-doslo-pet-milijuna-eura-2691842/	vijest	neutralno	Dnevno prenosi što je Dinamo najavio da će imati novi Maksimir.	da
2025-03-26	maxportal.hr	Iz Dinama otkrili ekskluzivne planove za stadion u Maksimiru	https://www.maxportal.hr/sport/iz-dinama-otkrili-ekskluzivne-planove-za-stadion-u-maksimiru/	vijest	neutralno	Maxportal prenosi Dinamove planove za sadržaje novog stadiona.	da
2025-03-26	sport.hrt.hr	Maksimir će imati kapacitet od 33 do 35 tisuća, poznati svi detalji	https://sport.hrt.hr/hrvatski-nogomet/novi-maksimir-imat-ce-kapacitet-od-33-do-35-tisuca-gledatelja-gradi-se-cijeli-kompleks-12079439	vijest	neutralno	HRT donosi detalje programa: kapacitet 33 do 35 tisuća gledatelja i cijeli sportski kompleks.	da
2025-03-26	telegram.hr	Zanimljivo. Novi Dinamov stadion neće biti dom samo nogometašima	https://www.telegram.hr/telesport/na-prvu/novi-dinamov-stadion-nece-biti-dom-samo-nogometasima-ovo-su-dobre-vijesti-za-druge-sportove-u-zagrebu/	vijest	neutralno	Telegram piše da novi Dinamov stadion neće služiti samo nogometu nego i drugim sportovima.	da
2025-03-28	novilist.hr	Donijeta odluka o uklanjanju starog i gradnji novog Maksimira. Po pola će platiti Država i Grad Zagreb	https://www.novilist.hr/novosti/hrvatska/donijeta-odluka-o-uklanjanju-starog-i-gradnji-novog-maksimira-po-pola-ce-platiti-drzava-i-grad-zagreb/	vijest	neutralno	Novi list: donesena odluka o uklanjanju starog i gradnji novog Maksimira uz financiranje Države i Grada po pola.	da
2025-03-28	telegram.hr	Skupština prihvatila sklapanje sporazuma o uklanjanju postojećeg i izgradnji novog stadiona Maksimir	https://www.telegram.hr/politika-kriminal/gradska-skupstina-prihvatila-sklapanje-sporazuma-o-uklanjanju-postojeceg-i-izgradnji-novog-stadiona-maksimir/	vijest	neutralno	Telegram: Skupština prihvatila sporazum o uklanjanju postojećeg i gradnji novog stadiona.	da
2025-03-28	vijesti.hrt.hr	Zagreb: Gradska skupština prihvatila sklapanje sporazuma o Gradskom stadionu Maksimir	https://vijesti.hrt.hr/hrvatska/zagreb-gradska-skupstina-prihvatila-sklapanje-sporazuma-o-gradskom-stadionu-maksimir-12082223	vijest	neutralno	HRT: Gradska skupština prihvatila sklapanje sporazuma o Gradskom stadionu Maksimir.	da
2025-04-10	zagreb.info	Grad Zagreb se brani, tvrde da se o stadionu pišu neistine: 'Neće se graditi trgovački centar'	https://www.zagreb.info/vijesti/zg-politika/grad-zagreb-se-brani-tvrde-da-se-o-stadionu-pisu-neistine-nece-se-graditi-trgovacki-centar/723452/	vijest	neutralno	Grad Zagreb demantira napise da će se uz stadion graditi trgovački centar.	da
2025-04-22	poslovni.hr	Od obnove stadiona do urbanističkog preporoda: Kako Zagreb dobiva moderne prometnice i zelene površine	https://www.poslovni.hr/hrvatska/obnova-maksimira-i-kranjceviceve-prilika-su-za-vrhunski-sport-ali-i-novu-urbanu-regeneraciju-4480452	analiza	neutralno	Poslovni dnevnik piše o obnovi Maksimira i Kranjčevićeve kao prilici za urbanu regeneraciju.	da
2025-05-20	dnevno.hr	Konačno počinje izgradnja Maksimira: Ovaj novi projekt sve je iznenadio	https://www.dnevno.hr/sport/ostali-sportovi/tomasevic-predstavio-turbo-ambiciozan-plan-uz-maksimir-trebale-bi-niknuti-dvorane-i-jos-jedan-stadion-2741047/	vijest	neutralno	Dnevno prenosi Tomaševićev plan dvorana i atletskog stadiona uz novi Maksimir.	da
2025-05-20	n1info.hr	Tomašević: Maksimir-Svetice najveći novi sportski kompleks nakon Univerzijade	https://n1info.hr/vijesti/tomasevic-maksimir-svetice-najveci-novi-sportski-kompleks-nakon-univerzijade/	vijest	neutralno	N1: Tomašević predstavlja Maksimir-Svetice kao najveći novi sportski kompleks nakon Univerzijade.	da
2025-05-20	nacional.hr	Tomašević: Maksimir-Svetice bit će najveći novi sportski kompleks nakon Univerzijade	https://www.nacional.hr/tomasevic-maksimir-svetice-bit-ce-najveci-novi-sportski-kompleks-nakon-univerzijade/	vijest	neutralno	Nacional prenosi najavu kompleksa Maksimir-Svetice kao najvećeg nakon Univerzijade.	da
2025-05-20	poslovni.hr	Tomašević najavio: Pored novog stadiona na Maksimiru niknut će velike sportske dvorane, te još jedan atletski stadion	https://www.poslovni.hr/hrvatska/zagreb-investira-260-milijuna-eura-u-najveci-sportski-kompleks-u-40-godina-4484686	vijest	neutralno	Poslovni dnevnik: Zagreb ulaže 260 milijuna eura u sportski kompleks uz novi stadion.	da
2025-05-20	sport.hrt.hr	"Maksimir-Svetice najveći novi sportski kompleks nakon Univerzijade"	https://sport.hrt.hr/vise-sportova/tomasevic-maksimir-svetice-najveci-novi-sportski-kompleks-nakon-univerzijade-12166090	vijest	neutralno	HRT prenosi Tomaševićevu najavu kompleksa Maksimir-Svetice s dvoranama i atletskim stadionom.	da
2025-05-20	telegram.hr	Svi detalji projekta teškog 260 milijuna eura: uz novi Maksimir gradit će se i dvije dvorane	https://www.telegram.hr/vijesti/tomasevic-objavio-detalje-projekta-teskog-260-milijuna-eura-uz-novi-maksimir-gradit-ce-se-i-dvije-dvorane/	vijest	neutralno	Telegram donosi sve detalje projekta od 260 milijuna eura s dvije dvorane uz novi Maksimir.	da
2025-05-20	telegram.hr	Tomašević potvrdio najave. Uz Maksimir se grade i nove dvorane	https://www.telegram.hr/telesport/na-prvu/gradonacelnik-tomasevic-potvrdio-informacije-iz-dinama-uz-novi-maksimir-grade-se-i-dvorane/	vijest	neutralno	Telegram: Tomašević potvrdio da se uz novi Maksimir grade i nove dvorane.	da
2025-05-20	zagreb.hr	Stadion Maksimir i Sportsko rekreacijski centar Svetice bit će najveći novi sportski kompleks izgrađen nakon Univerzijade	https://zagreb.hr/stadion-maksimir-i-sportsko-rekreacijski-centar-sv/209092	sluzbeno	neutralno	Grad Zagreb najavljuje da će Maksimir i SRC Svetice biti najveći novi sportski kompleks nakon Univerzijade i najavljuje natječaj.	da
2025-05-20	zagreb.info	Odjeknulo: Tomašević otkrio što će za 85 milijuna eura graditi kraj maksimirskog stadiona	https://www.zagreb.info/vijesti/zg-politika/odjeknulo-tomasevic-otkrio-sto-ce-za-85-milijuna-eura-graditi-kraj-maksimirskog-stadiona/734746/	vijest	neutralno	Zagreb.info: Tomašević otkrio što će se za 85 milijuna eura graditi uz stadion.	da
2025-06-09	n1info.hr	Održan sastanak povjerenstva Vlade i Zagreba o stadionu na Maksimiru	https://n1info.hr/vijesti/odrzan-sastanak-povjerenstva-vlade-i-zagreba-o-stadionu-na-maksimiru/	vijest	neutralno	N1: održan sastanak povjerenstva Vlade i Zagreba o stadionu na Maksimiru.	da
2025-06-09	telegram.hr	Prvi put se okupilo Povjerenstvo za izgradnju novog Maksimira	https://www.telegram.hr/politika-kriminal/prvi-put-se-okupilo-povjerenstvo-za-izgradnju-novog-maksimira-na-sastanku-se-dosta-prezentiralo-i-analiziralo/	vijest	neutralno	Telegram: prvi put se okupilo povjerenstvo za izgradnju novog Maksimira.	da
2025-06-09	vijesti.hrt.hr	Održan sastanak povjerenstva Vlade i Zagreba o stadionu na Maksimiru	https://vijesti.hrt.hr/hrvatska/odrzan-sastanak-povjerenstva-vlade-i-zagreba-o-stadionu-na-maksimiru-12196087	vijest	neutralno	HRT: održan sastanak povjerenstva Vlade i Zagreba o stadionu na Maksimiru.	da
2025-06-09	vlada.gov.hr	Održan 1. sastanak povjerenstva Vlade i Zagreba o stadionu na Maksimiru	https://vlada.gov.hr/odrzan-1-sastanak-povjerenstva-vlade-i-zagreba-o-stadionu-na-maksimiru/44589	sluzbeno	neutralno	Vlada izvještava o prvom sastanku zajedničkog povjerenstva Vlade i Grada Zagreba za projekt stadiona Maksimir.	da
2025-07-28	sportklub.hr	Boban se sastao s Plenkovićem, evo o kojim su temama pričali	https://sportklub.hr/nogomet/boban-se-sastao-s-plenkovicem-evo-o-kojim-su-temama-pricali/	vijest	neutralno	Sportklub: Boban se sastao s Plenkovićem i razgovarao o novom stadionu.	da
2025-07-28	telegram.hr	Andrej Plenković primio Dinamovu delegaciju predvođenu Zvonimirom Bobanom	https://www.telegram.hr/telesport/na-prvu/andrej-plenkovic-primio-dinamovu-delegaciju-predvodenu-zvonimirom-bobanom-razgovaralo-se-o-novom-stadionu/	vijest	neutralno	Telegram: Plenković primio Dinamovu delegaciju s Bobanom, tema novi stadion.	da
2025-09-09	germanijak.hr	Bobanov plan za Dinamo: EL kao temelj, stadion do kraja 2030., kamp do 2028. i 100 tisuća članova...	https://www.germanijak.hr/nogomet/vijesti/bobanov-plan-za-dinamo-el-kao-temelj-stadion-do-kraja-2030-kamp-do-2028-i-100-tisuca-clanova/150417	vijest	neutralno	Germanijak: Bobanov plan za Dinamo uključuje novi stadion do kraja 2030.	da
2025-09-10	sportklub.hr	Boban predstavio viziju Dinama, novi stadion se očekuje kasnije od planiranog	https://sportklub.hr/nogomet/boban-predstavio-viziju-dinama-novi-stadion-se-ocekuje-kasnije-od-planiranog/	vijest	neutralno	Sportklub: Boban predstavio viziju kluba, novi stadion očekuje se kasnije od planiranog.	da
2025-09-16	direktno.hr	Otkriveno što će sve imati novi Maksimir: 'To je razlog zašto se išlo na dvije etaže'	https://direktno.hr/sport/otkriveno-sto-ce-sve-imati-novi-maksimir-to-je-razlog-zasto-se-islo-na-dvije-etaze-379934/	vijest	neutralno	Direktno: otkriveni sadržaji novog Maksimira i razlog za dvoetažne tribine.	da
2025-09-16	dnevno.hr	Poznato je kako će izgledati novi Maksimir: Pogledajte što su smislili za novi Sjever	https://www.dnevno.hr/sport/poznato-je-kako-ce-izgledati-novi-maksimir-pogledajte-sto-su-smislili-za-novi-sjever-3059222/	vijest	neutralno	Dnevno donosi Dinamove zahtjeve za novu sjevernu tribinu.	da
2025-09-16	index.hr	Otkriveni detalji novog Maksimira. Evo što će sve imati stadion od 175 milijuna eura	https://www.index.hr/sport/clanak/otkriveni-detalji-novog-maksimira-evo-sto-ce-sve-imati-stadion-od-175-milijuna-eura/2710226.aspx	vijest	neutralno	Najava detalja budućeg stadiona od 175 milijuna eura prije raspisivanja natječaja.	da
2025-09-16	sportklub.hr	Otkriveni detalji novog stadiona u Maksimiru: 'Imat će 35 tisuća mjesta, kafić, restoran...'	https://sportklub.hr/nogomet/otkriveni-detalji-novog-stadiona-u-maksimiru-imat-ce-35-tisuca-mjesta-kafic-restoran/	vijest	neutralno	Sportklub: novi stadion imat će 35.000 mjesta, kafić i restoran.	da
2025-09-16	zagreb.info	Izašlo još detalja kako će izgledati novi Dinamov stadion: 'Možda prodamo ime'	https://www.zagreb.info/sport/izaslo-jos-detalja-kako-ce-izgledati-novi-dinamov-stadion-mozda-prodamo-ime/771931/	vijest	neutralno	Zagreb.info: novi detalji o Dinamovu stadionu i mogućoj prodaji imena.	da
2025-09-17	dnevno.hr	Gradi se novi Maksimir, ali možda ne ono što svi očekuju: Neki se hvataju za glavu, pada li prijevara?	https://www.dnevno.hr/sport/gradi-se-novi-maksimir-ali-mozda-ne-ono-sto-svi-ocekuju-neki-se-hvataju-za-glavu-pada-li-prijevara-3057069/	analiza	neutralno	Dnevno propituje hoće li novi Maksimir biti ono što navijači očekuju.	da
2025-09-17	poslovni.hr	Otkriveni dosad nepoznati detalji o novom Dinamovom stadionu	https://www.poslovni.hr/hrvatska/otkriveni-dosad-nepoznati-detalji-o-novom-dinamovom-stadonu-4502056	vijest	neutralno	Poslovni dnevnik donosi dosad nepoznate detalje o novom Dinamovu stadionu.	da
2025-11-14	telegram.hr	Osim Bobanove tirade, na Dinamovu članskom danu pričalo se i o novom Maksimiru	https://www.telegram.hr/telesport/na-prvu/maknemo-li-bobanovu-tiradu-sa-strane-na-dinamovu-clanskom-danu-bilo-je-govora-i-o-novom-maksimiru/	vijest	neutralno	Telegram: na Dinamovu članskom danu bilo je riječi i o novom Maksimiru.	da
2026-01-15	jutarnji.hr	Ni dva mjeseca nakon žalbe nema kraja agoniji. Dok Komisija ne donese odluku, Zagreb ne može krenuti s rušenjem Maksimira	https://www.jutarnji.hr/vijesti/zagreb/zalba-dkom-blokira-rusenje-maksimira-i-projekt-15662017	vijest	neutralno	Žalba pred DKOM-om blokira početak rušenja Maksimira.	da
2026-01-20	vecernji.hr	Grad u potrazi za savjetnikom za projektiranje, gradnju i upravljanje stadionom Maksimir, evo koliko će ga platiti	https://www.vecernji.hr/zagreb/grad-u-potrazi-za-savjetnikom-za-projektiranje-gradnju-i-upravljanje-stadionom-maksimir-evo-koliko-ce-ga-platiti-1926282	vijest	neutralno	Grad traži savjetnika za projektiranje, gradnju i upravljanje stadionom.	da
2026-01-27	jutarnji.hr	Koliko ćemo plaćati Tomaševićevo mjesto u loži? Degutantno na kakvu je Bobanovu molbu pristao gradonačelnik Zagreba	https://www.jutarnji.hr/vijesti/zagreb/tomasvicev-dinamo-aranzman-stadion-maksimir-kamp-mandlova-troskovi-zagreba-15665757	kolumna	neutralno	Kritika aranžmana Grada i Dinama oko lože i ulaganja u Maksimir i Mandlovu.	da
2026-02-02	pdf.dkom.hr	DKOM rješenje: žalba Smagre na odabir izrađivača projekta uklanjanja Stadiona Maksimir	https://pdf.dkom.hr/dokumentit/202602131304269512.pdf	dkom	neutralno	Jedina nađena DKOM odluka vezana uz Maksimir: odbijena žalba na projekt uklanjanja (EURCO+RESPECT-ING), ne na natječaj 76778; prije raspisivanja.	snippet
2026-02-06	tportal.hr	Profesor Dobrilović: Vjesnik i stadion Maksimir treba srušiti miniranjem	https://www.tportal.hr/vijesti/clanak/profesor-dobrilovic-vjesnik-i-stadion-maksimir-treba-srusiti-miniranjem-foto-20260206	vijest	neutralno	Profesor Dobrilović predlaže rušenje Vjesnika i Maksimira miniranjem.	da
2026-02-16	24sata.hr	Maksimir korak bliže rušenju: Nakon tri mjeseca odbili žalbu	https://www.24sata.hr/sport/maksimir-korak-blize-rusenju-nakon-tri-mjeseca-odbili-zalbu-1108401	vijest	neutralno	DKOM odbio žalbu pa projekt rušenja Maksimira može krenuti.	da
2026-02-16	jutarnji.hr	Projekt rušenja Maksimira dobio zeleno svjetlo	https://www.jutarnji.hr/vijesti/zagreb/dkom-odbijena-zalba-odobren-projekt-uklanjanja-stadiona-maksimir-15679894	vijest	neutralno	DKOM odbio žalbu i potvrdio izvođača projekta rušenja Maksimira.	da
2026-02-16	tportal.hr	Rušenje Maksimira ide dalje: Odbijena žalba zagrebačke tvrtke	https://www.tportal.hr/vijesti/clanak/rusenje-maksimira-ide-dalje-odbijena-zalba-projekt-ce-se-izraditi-za-22-tisuce-eura-20260216	vijest	neutralno	DKOM odbio žalbu pa priprema projekta rušenja Maksimira ide dalje.	da
2026-02-16	vecernji.hr	Projekt uklanjanja stadiona Maksimir radit će ista tvrtka koja ruši Vjesnik	https://www.vecernji.hr/zagreb/projekt-uklanjanja-stadiona-maksimir-radit-ce-ista-tvrtka-koja-rusi-vjesnik-1934340	vijest	neutralno	Projekt uklanjanja Maksimira radit će tvrtka koja ruši Vjesnik.	da
2026-03-05	24sata.hr	Pao potpis ugovora: Poznat rok za projekt rušenja Maksimira	https://www.24sata.hr/sport/pao-potpis-ugovora-poznat-rok-za-projekt-rusenja-maksimira-1112394	vijest	neutralno	Potpisan ugovor za projekt uklanjanja stadiona Maksimir.	da
2026-03-10	vecernji.hr	Ovo su ljudi koji će odlučivati o konačnom izgledu stadiona u Maksimiru: Tomašević, Boban i ministar Glavina među njima	https://www.vecernji.hr/zagreb/ovo-su-ljudi-koji-ce-odlucivati-o-konacnom-izgledu-stadiona-u-maksimiru-tomasevic-boban-i-ministar-glavina-medu-njima-1941053	vijest	neutralno	Predstavljen sastav ocjenjivačkog suda u kojem su Tomašević, Boban i Glavina.	da
2026-03-13	baustela.hr	Sve o Maksimiru: Tu se trebao igrati Euro, rušenje će 'papreno' koštati, a novi dizajn se čeka	https://baustela.hr/novosti/vijesti/82085/sve-o-maksimiru-tu-se-trebao-igrati-euro-rusenje-ce-papreno-kostati-a-novi-dizajn-se-ceka/vijest	analiza	neutralno	Baustela sažima povijest Maksimira, trošak rušenja i očekivanje novog dizajna uoči natječaja.	da
2026-03-13	vecernji.hr	Veliki natječaj za novi stadion u Maksimiru! Zagreb arhitektima nudi 976.000 eura, evo što moraju osmisliti	https://www.vecernji.hr/zagreb/veliki-natjecaj-za-novi-stadion-u-maksimiru-zagreb-arhitektima-nudi-976-000-eura-evo-sto-moraju-osmisliti-1942239	vijest	neutralno	Grad raspisuje natječaj s nagradnim fondom od 976.000 eura.	da
2026-03-20	24sata.hr	Otvoren je natječaj za Maksimir. Evo koliko bi sve moglo koštati	https://www.24sata.hr/sport/otvoren-je-natjecaj-za-maksimir-evo-koliko-bi-sve-moglo-kostati-1116001	vijest	neutralno	Otvoren natječaj za Maksimir s procjenom troškova.	da
2026-03-20	arhitekti-hka.hr	Natječaj za izradu idejnog arhitektonsko-urbanističkog rješenja stadiona Maksimir i SRC Svetice	https://www.arhitekti-hka.hr/hr/natjecaji/natje%c4%8daj-za-izradu-idejnog-arhitektonsko-urbanisti%c4%8dkog-rjesenja-stadiona,6126.html	priopcenje	neutralno	HKA prenosi raspis međunarodnog natječaja za idejno arhitektonsko-urbanističko rješenje stadiona Maksimir i SRC Svetice s ključnim rokovima.	da
2026-03-20	baustela.hr	Ovaj natječaj svi su čekali: Kreće preobrazba Svetica i stadiona Maksimir, za idejno rješenje 13 milijuna eura	https://baustela.hr/gradiliste/vijesti/82786/ovaj-natjecaj-svi-su-cekali-krece-preobrazba-svetica-i-stadiona-maksimir-za-idejno-rjesenje-13-milijuna-eura/vijest	vijest	neutralno	Baustela: raspisan natječaj za Svetice i stadion Maksimir s nagradnim fondom i zadacima.	da
2026-03-20	d-a-z.hr	Stadion Maksimir – Sportsko-rekreacijski centar Svetice	https://www.d-a-z.hr/hr/vijesti/stadion-maksimir---sportsko-rekreacijski-centar-svetice,6589.html	priopcenje	neutralno	DAZ kao provoditelj objavljuje natječaj za stadion Maksimir i SRC Svetice s uvjetima, rokovima i sastavom ocjenjivačkog suda.	da
2026-03-20	direktno.hr	Vlada i Grad Zagreb objavili zajedničko priopćenje: Ovaj megaprojekt čeka se desetljećima	https://direktno.hr/direkt/vlada-i-grad-zagreb-objavili-zajednicko-priopcenje-ovaj-megaprojekt-ceka-se-desetljecima-392830/	vijest	neutralno	Direktno prenosi zajedničko priopćenje Vlade i Grada o raspisu natječaja.	da
2026-03-20	dnevnik.hr	Objavljen natječaj za novi stadion Maksimir	https://dnevnik.hr/video/objavljen-natjecaj-za-novi-stadion-maksimir---63278588	video	neutralno	Nova TV Dnevnik prilog o objavi natječaja; datum prema kontekstu, stranica ga ne prikazuje u HTML-u.	snippet
2026-03-20	dnevnik.hr	Tko će graditi novi Maksimir? "Očekujemo radove i prijave arhitekata iz cijelog svijeta"	https://dnevnik.hr/vijesti/hrvatska/otvoren-medjunarodni-natjecaj-za-novi-stadion-maksimir-i-sportski-centar-svetice---970314.html	vijest	neutralno	Otvoren međunarodni natječaj za novi Maksimir i SRC Svetice.	da
2026-03-20	dnevno.hr	Odlična vijest s Maksimira, počinje operacija stadion: 'Pola svijeta' želi posao, ali cijena je porasla...	https://www.dnevno.hr/sport/odlicna-vijest-s-maksimira-pocinje-operacija-stadion-pola-svijeta-zeli-posao-ali-cijena-je-porasla-3252089/	vijest	neutralno	Dnevno: počinje natječaj, očekuje se velik interes arhitekata, ali cijena raste.	da
2026-03-20	eojn.hr	EOJN tender 76778 – natječaj SRC Svetice – Stadion Maksimir	https://eojn.hr/tender-eo/76778	sluzbeno	neutralno	Službena objava natječaja u EOJN-u; 28.9. poslužitelj vraća grešku (timeout).	snippet
2026-03-20	gol.dnevnik.hr	Veliki korak prema gradnji novog Maksimira: Vlada i Grad Zagreb objavili natječaj	https://gol.dnevnik.hr/clanak/rubrika/nogomet/veliki-korak-prema-gradnji-novog-maksimira-vlada-i-grad-zagreb-objavili-natjecaj---970267.html	vijest	neutralno	Vlada i Grad objavili međunarodni natječaj za novi Maksimir.	da
2026-03-20	index.hr	Objavljen natječaj za izgradnju novog Maksimira. Evo što se sve traži	https://www.index.hr/sport/clanak/objavljen-natjecaj-za-izgradnju-novog-maksimira-evo-sto-se-sve-trazi/2773354.aspx	vijest	neutralno	Objavljen međunarodni natječaj za novi stadion Maksimir i SRC Svetice s uvjetima.	da
2026-03-20	index.hr	Tomašević: Očekujem da bi gradnja novog Maksimira mogla početi 2029.	https://www.index.hr/vijesti/clanak/tomasevic-ocekujemo-da-iduce-godine-krene-rusenje-maksimira/2773519.aspx	vijest	neutralno	Tomašević i Glavina pozdravili objavu natječaja i najavili početak gradnje 2029.	da
2026-03-20	jutarnji.hr	Objavljen natječaj za novi Maksimir, reagirali iz Grada i Vlade: Imat će 35 tisuća mjesta, prijave mogu početi	https://www.jutarnji.hr/vijesti/zagreb/medjunarodni-natjecaj-novi-stadion-maksimir-src-svetice-35000-mjesta-15690894	vijest	neutralno	Objavljen natječaj za novi Maksimir uz reakcije Grada i Vlade.	da
2026-03-20	jutarnji.hr	‘Žiri‘ za novi Maksimir prelomio: Želimo stadion najviše kategorije, ovo su naši uvjeti	https://www.jutarnji.hr/vijesti/zagreb/novi-maksimir-uefa-iv-stadion-35000-mjesta-vip-loze-hotel-svetice-15690795	vijest	neutralno	Uvjeti natječaja: UEFA IV. kategorija, hotel u istočnoj tribini i muzej.	da
2026-03-20	mozzartsport.com	Niče sportski grad u Zagrebu: Novi Maksimir sa 35.000 mesta izaći će 205.000.000 evra	https://www.mozzartsport.com/fudbal/vesti/nice-sportski-grad-u-zagrebu-novi-maksimir-sa-35000-mesta-izaci-ce-205000000-evra/539146	vijest	neutralno	Srpski Mozzart Sport na dan raspisivanja prenosi plan sportskog grada Svetice i cijenu od 205 milijuna eura.	da
2026-03-20	n1info.hr	Objavljen natječaj za stadion Maksimir i Sportsko-rekreacijski centar Svetice, evo detalja	https://n1info.hr/vijesti/objavljen-natjecaj-za-stadion-maksimir-i-sportsko-rekreacijski-centar-svetice-evo-detalja/	vijest	neutralno	N1 donosi detalje objavljenog natječaja za stadion Maksimir i SRC Svetice.	da
2026-03-20	nacional.hr	POTRAGA ZA ARHITEKTIMA Objavljen natječaj za novi stadion Maksimir i SRC Svetice	https://www.nacional.hr/potraga-za-arhitektima-objavljen-natjecaj-za-novi-stadion-maksimir-i-src-svetice/	vijest	neutralno	Nacional: objavljen natječaj za novi stadion Maksimir i SRC Svetice.	da
2026-03-20	net.hr	Dinamo kao Real Madrid: Novi Maksimir bit će 'maleni Bernabeu'?!	https://net.hr/sport/nogomet/dinamo-kao-real-madrid-novi-maksimir-bit-ce-maleni-bernabeu-f1bdee55-2444-11f1-936f-9600040c8f8e	vijest	neutralno	Natječaj traži stadion UEFA IV. kategorije, a mediji ga uspoređuju s Bernabeuom.	da
2026-03-20	poslovni.hr	Otkriveno kada bi se mogao početi graditi novi stadion na Maksimiru, objavljen arhitektonsko-urbanistički natječaj	https://www.poslovni.hr/nekretnine/otkriveno-kada-bi-se-mogao-poceti-graditi-novi-stadion-na-maksimiru-objavljen-arhitektonsko-urbanisticki-natjecaj-4528819	vijest	neutralno	Poslovni dnevnik: objavljen natječaj i okvirni rok početka gradnje.	da
2026-03-20	reddit:dinamo	Objavljen natječaj za izgradnju novog Maksimira. Evo što se sve traži	https://www.reddit.com/r/dinamo/comments/1ryu0wm/objavljen_natječaj_za_izgradnju_novog_maksimira/	reddit	neutralno	Objava u r/dinamo: Uz novi stadion planira se i cijeli sportsko-rekreacijski kompleks na Sveticama – atletski stadion, rukometna dvorana i još jedna višenamjen…	da
2026-03-20	reddit:dinamo	‘Žiri‘ za novi Maksimir prelomio: Želimo stadion najviše kategorije, ovo su naši uvjeti	https://www.reddit.com/r/dinamo/comments/1rz0sox/žiri_za_novi_maksimir_prelomio_želimo_stadion/	reddit	neutralno	Objava u r/dinamo: Natječaj traži UEFA IV. kategoriju, hotelski blok u istočnoj tribini i muzej s fan shopom dostupnim cijele godine Program predviđa najmanje…	da
2026-03-20	reddit:hreddit	‘Žiri‘ za novi Maksimir prelomio: Želimo stadion najviše kategorije, ovo su naši uvjeti	https://www.reddit.com/r/hreddit/comments/1rz02t9/žiri_za_novi_maksimir_prelomio_želimo_stadion/	reddit	neutralno	Objava u r/hreddit: Natječaj traži UEFA IV. kategoriju, hotelski blok u istočnoj tribini i muzej s fan shopom dostupnim cijele godine Program predviđa najmanje…	da
2026-03-20	reddit:zagreb	‘Žiri‘ za novi Maksimir prelomio: Želimo stadion najviše kategorije, ovo su naši uvjeti	https://www.reddit.com/r/zagreb/comments/1rz01ms/žiri_za_novi_maksimir_prelomio_želimo_stadion/	reddit	neutralno	Objava u r/zagreb: Natječaj traži UEFA IV. kategoriju, hotelski blok u istočnoj tribini i muzej s fan shopom dostupnim cijele godine Program predviđa najmanje…	da
2026-03-20	sport.hrt.hr	Objavljen arhitektonsko-urbanistički natječaj za stadion Maksimir	https://sport.hrt.hr/hrvatski-nogomet/objavljen-medunarodni-arhitektonsko-urbanisticki-natjecaj-za-stadion-maksimir-12629185	vijest	neutralno	HRT Sport: objavljen međunarodni arhitektonsko-urbanistički natječaj za stadion Maksimir.	da
2026-03-20	sportklub.hr	Objavljen natječaj za izgradnju novog Maksimira. Evo što se sve traži	https://sportklub.hr/nogomet/objavljen-natjecaj-za-izgradnju-novog-maksimira-evo-sto-se-sve-trazi/	vijest	neutralno	Sportklub navodi što se sve traži natječajem za novi Maksimir.	da
2026-03-20	stadion-maksimir.zagreb.hr	Dokumentacija natječaja	https://stadion-maksimir.zagreb.hr/hr/dokumentacija/66	sluzbeno	neutralno	Uvjeti, program i poveznica na EOJN 76778.	da
2026-03-20	stadion-maksimir.zagreb.hr	Ocjenjivački sud	https://stadion-maksimir.zagreb.hr/hr/ocjenjivacki-sud/110	sluzbeno	neutralno	Popis članova ocjenjivačkog suda (predsjednik Toma Plejić, Geers, Fabijanić, Chas, Perović, Roth-Čerina i dr.).	da
2026-03-20	stadion-maksimir.zagreb.hr	Tijek događanja – Objava natječaja	https://stadion-maksimir.zagreb.hr/hr/tijek-dogadjanja/68	sluzbeno	neutralno	Službena stranica natječaja; jedini upis u tijeku događanja je objava 20.3.2026.	da
2026-03-20	telegram.hr	Došao je i taj dan, objavljen je natječaj za izgradnju novog Maksimira	https://www.telegram.hr/telesport/na-prvu/napokon-je-dosao-i-taj-dan-objavljen-je-natjecaj-za-izgradnju-novog-maksimira/	vijest	neutralno	Telegram: objavljen natječaj za izgradnju novog Maksimira.	da
2026-03-20	tportal.hr	Tomašević otkrio kad bi mogla krenuti izgradnja stadiona na Maksimiru	https://www.tportal.hr/vijesti/clanak/tomasevic-otkrio-kad-bi-mogla-krenuti-izgradnja-stadiona-na-maksimiru-20260320	vijest	neutralno	Tomašević i Glavina o početku gradnje nakon raspisivanja natječaja.	da
2026-03-20	tportal.hr	Zagreb raspisao natječaj za kompleks SRC Svetice - Maksimir: Stadion s 35.000 mjesta	https://www.tportal.hr/vijesti/clanak/zagreb-raspisao-natjecaj-za-kompleks-svetice-maksimir-stadion-s-35-000-mjesta-20260320	vijest	neutralno	Grad raspisao međunarodni natječaj za SRC Svetice i stadion od 35.000 mjesta.	da
2026-03-20	vecernji.hr	Hotel, muzej i 'sigurne sobe', sve to (a i još više) dobiva novi Maksimir! Pogledajte detalje, a i cijenu	https://www.vecernji.hr/zagreb/hotel-muzej-i-sigurne-sobe-sve-to-a-i-jos-vise-dobiva-novi-maksimir-pogledajte-detalje-a-i-cijenu-1944212	vijest	neutralno	Natječajni program: hotel, muzej, sigurne sobe i ugostiteljski sadržaji.	da
2026-03-20	vlada.gov.hr	Objavljen međunarodni arhitektonsko-urbanistički natječaj za stadion Maksimir i Sportsko-rekreacijski centar Svetice	https://vlada.gov.hr/objavljen-medjunarodni-arhitektonsko-urbanisticki-natjecaj-za-stadion-maksimir-i-sportsko-rekreacijski-centar-svetice/46385	sluzbeno	neutralno	Vlada objavljuje raspisivanje međunarodnog arhitektonsko-urbanističkog natječaja za stadion Maksimir i SRC Svetice s rokovima i nagradnim fondom.	da
2026-03-20	wettbewerbe-aktuell.de	Ausschreibung: Maksimir Stadium and Svetice Sports and Recreation Centre Zagreb	https://www.wettbewerbe-aktuell.de/ausschreibung/maksimir-stadium-svetice-sports-recreation-centre-zagreb-410354	sluzbeno	neutralno	Njemački wettbewerbe aktuell objavljuje raspis natječaja s rokovima i produljenjima.	da
2026-03-20	youtube:HRT vijesti	Raspisan međunarodni natječaj za novi stadion Dinama u Zagrebu	https://www.youtube.com/watch?v=cR9Cyzs-9pE	video	neutralno	HRT vijesti o raspisivanju međunarodnog natječaja za novi Dinamov stadion (13.404 pregleda 28.9.).	da
2026-03-20	youtube:Zavod za prostorno uređenje Grada Zagreba	INTRO: Maksimir Stadium and Svetice Sports and Recreation Centre	https://www.youtube.com/watch?v=7xxlEsYCr9s	video	neutralno	Službeni uvodni video natječaja (ZZPU Grada Zagreba) za Stadion Maksimir i SRC Svetice (785 pregleda 28.9.).	da
2026-03-20	zagreb.hr	Zajedničko priopćenje Vlade RH i Grada Zagreba - Objavljen međunarodni arhitektonsko-urbanistički natječaj za stadion Maksimir i Sportsko-rekreacijski centar Svetice	https://zagreb.hr/zajednicko-priopcenje-vlade-rh-i-grada-zagreba-obj/218110	sluzbeno	neutralno	Zajedničko priopćenje Vlade i Grada o objavi međunarodnog natječaja za stadion Maksimir i SRC Svetice.	da
2026-03-20	zagreb.info	Ova tri čovjeka će odlučivati kako će izgledati novi stadion Maksimir: Otkriveno što planiraju	https://www.zagreb.info/sport/ova-tri-covjeka-ce-odlucivati-kako-ce-izgledati-novi-stadion-maksimir-otkriveno-sto-planiraju/822279/	vijest	neutralno	Zagreb.info predstavlja tri člana žirija (Boban, Tomašević, Glavina) koji će odlučivati o izgledu stadiona.	da
2026-03-21	poslovni.hr	Klupski muzej, fan shop, lože – raspisan natječaj za novi stadion Maksimir	https://www.poslovni.hr/hrvatska/klupski-muzej-fan-shop-loze-raspisan-natjecaj-za-novi-stadion-maksimir-4528831	vijest	neutralno	Poslovni dnevnik nabraja programske zahtjeve natječaja: klupski muzej, fan shop, lože.	da
2026-03-21	reddit:croatia	Objavljen međunarodni arhitektonsko-urbanistički natječaj za stadion Maksimir i SRC Svetice	https://www.reddit.com/r/croatia/comments/1rzo0ep/objavljen_međunarodni_arhitektonskourbanistički/	reddit	neutralno	Objava u r/croatia: Objavljen međunarodni arhitektonsko-urbanistički natječaj za stadion Maksimir i Sportsko-rekreacijski centar Svetice Danas je nakon višemje…	da
2026-03-22	total-croatia-news.com	New Maksimir Stadium to Boast Fan Shop, Club Museum and More	https://total-croatia-news.com/news/maksimir-stadium-fan-shop/	vijest	neutralno	Engleska vijest o raspisivanju natječaja i programu novog stadiona (fan shop, muzej kluba, ugostiteljstvo).	da
2026-03-22	youtube:Možemo!	Korak bliže novom Maksimiru! ⚽	https://www.youtube.com/watch?v=kikA6pfWyAI	video	neutralno	Promotivni video stranke Možemo! uz raspisivanje natječaja („korak bliže novom Maksimiru”) (17.156 pregleda 28.9.).	da
2026-03-23	24sata.hr	Zamah oko novog stadiona u Zagrebu: Poznati važni rokovi...	https://www.24sata.hr/sport/zamah-oko-novog-stadiona-u-zagrebu-poznati-vazni-rokovi-1116649	vijest	neutralno	Poznati ključni rokovi i vrijednost projekta novog stadiona.	da
2026-03-23	forum.hr	Stadion Maksimir i SRC Svetice	https://www.forum.hr/showthread.php?t=1407525	forum	neutralno	Tema u podforumu Zagreb otvorena nakon raspisivanja; 41 post, zadnji viđeni 2.4.2026.	da
2026-03-23	radio.hrt.hr	Tko će graditi novi Maksimir-projekt vrijedan 205 milijuna eura	https://radio.hrt.hr/radio-sljeme/vijesti/tko-ce-graditi-novi-maksimir-posao-vrijedan-vrijedan-205-milijuna-eura-12634283	vijest	neutralno	HRT Radio Sljeme o natječaju vrijednom 205 milijuna eura i tome tko će projektirati novi Maksimir.	da
2026-03-23	telegram.hr	Projekt Maksimir sada je dostupan i online: Objavljeni svi detalji i rokovi	https://www.telegram.hr/telesport/na-prvu/projekt-maksimir-sada-je-dostupan-i-online-objavljeni-su-svi-detalji-i-rokovi/	vijest	neutralno	Telegram: natječajna dokumentacija za projekt Maksimir dostupna online s rokovima.	da
2026-03-25	ecoruspace.me	Raspisan međunarodni konkurs za novi stadion Maksimir u Zagrebu	http://ecoruspace.me/?action=view&id_news=111005843	vijest	neutralno	Crnogorski agregator prenosi vijest portala Gradnja o raspisivanju natječaja (datum približan).	snippet
2026-03-25	gradnja.rs	Raspisan međunarodni konkurs za novi stadion Maksimir u Zagrebu	https://www.gradnja.rs/medjunarodni-konkurs-stadion-maksimir-src-svetice-zagreb/	vijest	neutralno	Srpski portal Gradnja najavljuje natječaj s nagradnim fondom od 960.000 eura i rokovima predaje.	da
2026-03-25	jutarnji.hr	Ured Bobana i društva seli se na kultno mjesto Zagreba? Najveće pitanje i dalje - bez odgovora	https://www.jutarnji.hr/sportske/nogomet/hnl/klubovi/dinamo/dinamo-cibona-preseljenje-rusenje-maksimira-akademija-trening-centar-15692546	vijest	neutralno	Selidba Dinamovih ureda i akademije ovisi o rokovima rušenja Maksimira.	da
2026-03-25	net.hr	Englezi grade čudo, Old Trafford ide u obnovu! Novi Poljud i Maksimir nekoliko razina ispod...	https://net.hr/sport/nogomet/old-trafford-ide-u-obnovu-a-novi-poljud-i-maksimir-su-debelo-ispod-b49419fd-2820-11f1-936f-9600040c8f8e	analiza	neutralno	Usporedba obnove Old Trafforda s planovima za Poljud i Maksimir.	da
2026-03-25	net.hr	Plavi puk na iglama, svi čekaju natječaj za novi Maksimir, arhitekt Barić: 'Bit će to nešto ekstra'	https://net.hr/danas/rtl-danas/plavi-puk-na-iglama-svi-cekaju-natjecaj-za-novi-maksimir-arhitekt-otto-baric-bit-ce-to-nesto-ekstra-4c8cf325-27af-11f1-936f-9600040c8f8e	video	neutralno	RTL Danas o iščekivanju natječaja, uz izjavu arhitekta Otta Barića.	da
2026-03-25	youtube:RTL	Plavi puk na iglama, svi čekaju natječaj za novi Maksimir | RTL Danas	https://www.youtube.com/watch?v=yccN9kMrj-8	video	neutralno	RTL Danas o iščekivanju natječaja i navijačkim očekivanjima (23.765 pregleda 28.9.).	da
2026-03-26	24sata.hr	Evo novih detalja vezanih uz rušenje i izgradnju Maksimira	https://www.24sata.hr/sport/evo-novih-detalja-vezanih-uz-rusenje-i-izgradnju-maksimira-1117355	vijest	neutralno	Novi detalji o rušenju i gradnji nakon Vladina darovanja nekretnina.	da
2026-03-26	dnevnik.hr	Dogovor za Maksimir: Katolička crkva dobiva zemljišta vrijedna milijune eura	https://dnevnik.hr/vijesti/hrvatska/darovane-cestice-koje-je-drzava-otkupila-radi-izgradnje-stadiona-maksimir---971291.html	vijest	neutralno	Vlada darovala Crkvi zemljišta radi rješavanja imovine za stadion Maksimir.	da
2026-03-26	index.hr	Bačić: Da nije bilo vlade, na Maksimiru se ne bi gradio novi stadion	https://www.index.hr/vijesti/clanak/bacic-da-nije-bilo-vlade-na-maksimiru-se-ne-bi-gradio-novi-stadion/2775404.aspx	vijest	neutralno	Ministar Bačić ističe ulogu Vlade u financiranju novog stadiona.	da
2026-03-26	index.hr	Vlada je Zagrebačkoj nadbiskupiji darovala nekretnine zbog izgradnje novog Maksimira	https://www.index.hr/sport/clanak/vlada-je-zagrebackoj-nadbiskupiji-darovala-nekretnine-zbog-izgradnje-novog-maksimira/2775482.aspx	vijest	neutralno	Vlada darovala nekretnine Zagrebačkoj nadbiskupiji radi rješavanja zemljišta za stadion.	da
2026-03-26	net.hr	Plenković: 'Više neće biti gužvi zbog goriva'; Bačić o Maksimiru: 'Crkvi smo dali četiri lokacije'	https://net.hr/danas/vijesti/uzivo-andrej-plenkovic-na-sjednici-vlade-na-stolu-je-odluka-za-stadion-maksimir-833649ee-28ef-11f1-936f-9600040c8f8e	vijest	neutralno	Vlada na sjednici darovala nekretnine radi rješavanja imovinskih odnosa za stadion.	da
2026-03-26	novilist.hr	Vlada darovala čestice koje je država otkupila radi izgradnje stadiona Maksimir	https://www.novilist.hr/novosti/vlada-darovala-cestice-koje-je-drzava-otkupila-radi-izgradnje-stadiona-maksimir/	vijest	neutralno	Novi list: Vlada darovala čestice otkupljene radi izgradnje stadiona Maksimir.	da
2026-03-26	tportal.hr	Novi Maksimir korak bliže: Vlada darovala zemljišta Zagrebačkoj nadbiskupiji	https://www.tportal.hr/vijesti/clanak/novi-maksimir-korak-blize-vlada-darovala-zemljista-zagrebackoj-nadbiskupiji-foto-20260326	vijest	neutralno	Vlada darovala zemljišta Zagrebačkoj nadbiskupiji radi novog Maksimira.	da
2026-03-26	tportal.hr	Tomašević o šuškanjima tko će dobiti posao gradnje Maksimira: To je kazneno djelo	https://www.tportal.hr/vijesti/clanak/tomasevic-o-suskanjima-tko-ce-dobiti-posao-gradnje-maksimira-to-je-kazneno-djelo-20260326	vijest	neutralno	Tomašević šuškanja o izvođaču gradnje Maksimira naziva kaznenim djelom.	da
2026-03-26	uha.hr	Međunarodni natječaj za izradu idejnog arhitektonsko-urbanističkog rješenja stadiona Maksimir i SRC Svetice	https://uha.hr/medunarodni-natjecaj-za-izradu-idejnog-arhitektonsko-urbanistickog-rjesenja-stadiona-maksimir-i-src-svetice/	priopcenje	neutralno	UHA prenosi raspis međunarodnog natječaja s uvjetima i rokovima.	da
2026-03-26	vecernji.hr	Vlada riješila ključni problem: Darovane čestice koje je država otkupila radi izgradnje stadiona Maksimir	https://www.vecernji.hr/vijesti/vlada-rijesila-kljucni-problem-darovane-cestice-koje-je-drzava-otkupila-radi-izgradnje-stadiona-maksimir-1946001	vijest	neutralno	Vlada darovala čestice radi rješavanja imovinskih pitanja za gradnju stadiona.	da
2026-03-26	vijesti.hrt.hr	Zagrebačkoj nadbiskupiji darovane čestice za stadion Maksimir	https://vijesti.hrt.hr/hrvatska/zagrebackoj-nadbiskupiji-darovane-cestice-za-stadion-maksimir-12639589	vijest	neutralno	HRT: Vlada darovala Zagrebačkoj nadbiskupiji čestice u sklopu rješavanja zemljišta za stadion.	da
2026-03-27	coacyle.com	PLAZO AMPLIADO CONCURSO INTERNACIONAL DE ARQUITECTURA: Estadio Maksimir y Centro Deportivo Svetice	https://www.coacyle.com/informacion/concursos-y-premios/plazo-ampliado-concurso-internacional-de-arquitectura-estadio	sluzbeno	neutralno	Arhitektonska komora Castilla y Leóna objavljuje natječaj i kasnije produljenje roka predaje (datum približan).	da
2026-03-27	cscae.com	CONCURSO INTERNACIONAL DE ARQUITECTURA: Estadio Maksimir y Centro Deportivo Svetice en Zagreb, Croacia	https://www.cscae.com/index.php/profesional/inicio-contratacion-y-concursos/inicio-plataforma-de-concursos/concursos-destacados/9430-concurso-internacional-de-arquitectura-estadio-maksimir-y-centro-deportivo-svetice-en-zagreb-croacia	sluzbeno	neutralno	Vijeće španjolskih arhitektonskih komora (CSCAE) ističe natječaj među izdvojenima (datum približan).	da
2026-03-27	u-a-s.rs	Competition for Maksimir Stadium and Svetice Sports and Recreation Centre	https://www.u-a-s.rs/konkursi/item/702-competition-for-maksimir-stadium-and-svetice-sports-and-recreation-centre.html	sluzbeno	neutralno	Udruženje arhitekata Srbije objavljuje poziv na natječaj svojim članovima.	da
2026-03-30	architectsjournal.co.uk	Contest launched for Dinamo Zagreb's stadium redesign	https://www.architectsjournal.co.uk/competitions/maksimir-stadium-zagreb	vijest	neutralno	Britanski Architects' Journal objavljuje natječaj za redizajn Maksimira vrijedan 224 milijuna eura s rokom 17. srpnja.	da
2026-03-30	coliseum-online.com	Hunt on for Maksimir Stadium design team	https://www.coliseum-online.com/hunt-on-for-maksimir-stadium-design-team/	vijest	neutralno	Coliseum javlja da je pokrenut natječaj za projektni tim novog Maksimira i SRC-a Svetice (datum približan).	snippet
2026-03-30	linkedin.com	Zagreb Launches €224m Competition for New-look Stadion Maksimir	https://www.linkedin.com/posts/thestadiumbusiness_architect-sought-for-new-look-stadion-maksimir-activity-7444358992379891713-YKNH	vijest	neutralno	LinkedIn objava TheStadiumBusinessa s poveznicom na vijest o raspisivanju natječaja.	da
2026-03-30	sportsvenuebusiness.com	International Architecture Competition launched for the Maksimir Stadium and Svetice Sports & Recreation Centre	https://sportsvenuebusiness.com/2026/03/30/international-architecture-competition-launched-for-the-maksimir-stadium-and-svetice-sports-recreation-centre/	vijest	neutralno	Sports Venue Business prenosi najavu jednostupanjskog otvorenog natječaja za stadion od 35.000 mjesta.	da
2026-03-30	thestadiumbusiness.com	Architect sought for new-look Stadion Maksimir	https://www.thestadiumbusiness.com/2026/03/30/architect-sought-for-new-look-stadion-maksimir/	vijest	neutralno	TheStadiumBusiness javlja da Zagreb traži arhitekta za stadion i sportski centar vrijedan 224 milijuna eura.	snippet
2026-03-31	archup.net	Maksimir Stadium Architectural Competition 2026	https://archup.net/maksimir-stadium-architectural-competition-2026/	sluzbeno	neutralno	ArchUp objavljuje sažetak natječaja s vlastitim kratkim osvrtom na zadatak.	da
2026-03-31	coasevilla.org	Concurso para el Estadio Maksimir y el Centro Deportivo Svetice en Zagreb	https://www.coasevilla.org/Noticia.aspx?id=24790	sluzbeno	neutralno	Arhitektonska komora Seville (COAS) obavještava članove o natječaju (datum približan).	da
2026-03-31	competitions.archi	Maksimir Stadium Competition: Zagreb Design Brief	https://competitions.archi/competition/open-architectural-competition-for-maksimir-stadium-and-svetice-sports-and-recreation-centre/	sluzbeno	neutralno	Competitions.archi objavljuje projektni zadatak natječaja: stadion od 35.000 mjesta, SRC Svetice i terminal Borongaj.	da
2026-04-01	coal.es	Concurso Internacional | Estadio Maksimir y el Centro Deportivo y Recreativo Svetice en Zagreb	https://www.coal.es/concurso-internacional-estadio-maksimir-y-el-centro-deportivo-y-recreativo-svetice-en-zagreb/	sluzbeno	neutralno	Arhitektonska komora Leóna (COAL) objavljuje poziv na natječaj.	da
2026-04-01	linkedin.com	Zagreb Maksimir Stadium Redevelopment Competition	https://www.linkedin.com/posts/archup-net_maksimir-stadium-architectural-competition-activity-7445107704026517504-dtKE	sluzbeno	neutralno	LinkedIn objava ArchUpa s projektnim zadatkom natječaja.	da
2026-04-01	mek.hu	NEMZETKÖZI ÉPÍTÉSZETI TERVPÁLYÁZAT Maksimir Stadion és Svetice	https://mek.hu/link-nemzetkozi_epiteszeti_tervpalyazat_maksimir_stadion_es_svetice_sport_es_rekreacios_kozpont_zagrabban_horvatorszagban	sluzbeno	neutralno	Mađarska arhitektonska komora prenosi poziv na natječaj (datum približan).	da
2026-04-03	linkedin.com	Contest launched for Dinamo Zagreb's stadium redesign (LinkedIn)	https://www.linkedin.com/posts/thearchitectsjournal_contest-launched-for-dinamo-zagrebs-stadium-activity-7445903644996026369-xafO	vijest	neutralno	LinkedIn objava Architects' Journala o raspisanom natječaju.	da
2026-04-04	24sata.hr	Otkrivamo detalje sportskih megaprojekata u Zagrebu: Stižu novi stadioni, dvorane, bazen...	https://www.24sata.hr/sport/otkrivamo-detalje-sportskih-megaprojekata-u-zagrebu-stizu-novi-stadioni-dvorane-bazen-1119053	analiza	neutralno	Pregled zagrebačkih sportskih megaprojekata, uključujući novi Maksimir.	da
2026-04-05	architexturez.net	Maksimir Stadium and Svetice Sports and Recreation Centre in Zagreb, Croatia	https://architexturez.net/pst/az-cf-247607-1775402439	sluzbeno	neutralno	Indijski portal Architexturez prenosi poziv na natječaj i sastav ocjenjivačkog suda.	da
2026-04-07	coade.org	Concurso internacional para Estadio Maksimir y Centro Deportivo Svetice en Zagreb, Croacia	https://www.coade.org/trabajos-concursos-becas-y-premios/concurso-internacional-para-estadio-maksimir-y-centro-deportivo-svetice-en-zagreb-croacia/	sluzbeno	neutralno	Arhitektonska komora Alicantea (COADE) objavljuje natječaj (datum približan).	da
2026-04-07	coam.org	Concurso internacional de arquitectura: Estadio Maksimir y Centro Deportivo Svetice en Zagreb, Croacia	https://www.coam.org/actualidad-noticias-concurso-internacional-de-arquitectura-estadio-maksimir-y-centro-deportivo-svetice-en-zagreb-croacia/	sluzbeno	neutralno	Madridska arhitektonska komora (COAM) objavljuje poziv na natječaj.	da
2026-04-07	jutarnji.hr	U Maksimiru se pojavio neočekivani problem: Dok ovo ne iskopaju, nema novog stadiona!	https://www.jutarnji.hr/vijesti/zagreb/izmjestanje-parovoda-od-4-milijuna-eura-odgada-radove-na-stadionu-u-maksimiru-15696411	vijest	neutralno	Izmještanje vrelovoda od četiri milijuna eura mora prethoditi gradnji novog stadiona.	da
2026-04-07	reddit:zagreb_no1	U Maksimiru se pojavio neočekivani problem: Dok ovo ne iskopaju, nema novog stadiona!	https://www.reddit.com/r/zagreb_no1/comments/1setc77/u_maksimiru_se_pojavio_neočekivani_problem_dok/	reddit	neutralno	Objava u r/zagreb_no1: [https://www.jutarnji.hr/vijesti/zagreb/izmjestanje-parovoda-od-4-milijuna-eura-odgada-radove-na-stadionu-u-maksimiru-15696411](https://www.…	da
2026-04-07	zagreb.info	Iskrsnuli problemi oko Maksimira: Bez dodatnih 4 milijuna eura ništa od novog stadiona	https://www.zagreb.info/vijesti/iskrsnuli-problemi-oko-maksimira-bez-dodatnih-4-milijuna-eura-nista-od-novog-stadiona/827772/	vijest	neutralno	Zagreb.info: bez dodatnih 4 milijuna eura projekt novog stadiona zapinje.	da
2026-04-08	index.hr	Naš Hajduk: Obiteljski interesi grade Dinamu stadion, a nama daju dvostruka mjerila	https://www.index.hr/sport/clanak/nas-hajduk-obiteljski-interesi-grade-dinamu-stadion-a-nama-daju-dvostruka-mjerila/2779825.aspx	vijest	neutralno	Udruga Naš Hajduk kritizira financiranje Dinamova stadiona i dvostruka mjerila.	da
2026-04-08	vecernji.hr	Tomašević najavio garažu u Klaićevoj od 860 mjesta, a za stadion Maksimir pojavio se novi milijunski trošak	https://www.vecernji.hr/zagreb/tomasevic-najavio-garazu-u-klaicevoj-od-860-mjesta-a-za-stadion-maksimir-pojavio-se-novi-milijunski-trosak-1949481	vijest	neutralno	Tomašević najavio garažu u Klaićevoj, a za stadion se pojavio novi milijunski trošak.	da
2026-04-10	jutarnji.hr	Kranjčevićeva uskoro gotova, priča se i o Maksimiru, ali jedno je izazvalo pomutnju: ‘Za to nismo nadležni‘	https://www.jutarnji.hr/sportske/nogomet/hnl/klubovi/dinamo/novi-stadion-kranjceviceva-ime-odlucuje-grad-maksimir-tradicija-sponzor-15697627	vijest	neutralno	Rasprava o imenima novih stadiona i nadležnosti Grada uoči rušenja Maksimira.	da
2026-04-12	jutarnji.hr	Velika anketa: Maksimir i ‘Kranjča‘ odlaze u povijest, izaberite imena dva nova zagrebačka stadiona	https://www.jutarnji.hr/sportske/nogomet/hnl/klubovi/dinamo/preimenovanje-stadiona-zagreb-kranjceviceva-maksimir-prijedlozi-legende-15698004	anketa	neutralno	Anketa Sportskih novosti o imenima novog Maksimira i Kranjčevićeve.	da
2026-04-13	sporteimpianti.it	Il Maksimir Stadium a Zagabria in concorso	https://www.sporteimpianti.it/notizie/il-maksimir-stadium-a-zagabria-in-concorso/	vijest	neutralno	Talijanski Sport&Impianti javlja da Zagreb raspisuje natječaj za obnovu Maksimira i sportskog okruga Svetice.	da
2026-04-13	vecernji.hr	Natječaj raspisan, parovod se seli: Maksimir korak bliže rušenju	https://www.vecernji.hr/zagreb/natjecaj-raspisan-parovod-se-seli-maksimir-korak-blize-rusenju-1950833	vijest	neutralno	Uz raspisan natječaj slijedi izmještanje vrelovoda i nabava voditelja projekta.	da
2026-04-14	dnevno.hr	Poznato kada će se znati izgled novog Maksimira i tko će 'presuditi'	https://www.dnevno.hr/sport/poznato-kada-ce-se-znati-izgled-novog-maksimira-i-tko-ce-presuditi-3274301/	vijest	neutralno	Dnevno: poznato kada će se znati izgled novog Maksimira i tko će odlučivati.	da
2026-04-14	gol.dnevnik.hr	Uskoro stižu prve vizije novog Maksimira: Evo kada će javnost saznati kako će stadion izgledati	https://gol.dnevnik.hr/clanak/rubrika/nogomet/uskoro-stizu-prve-vizije-novog-maksimira-evo-kada-ce-javnost-saznati-kako-ce-stadion-izgledati---974613.html	vijest	neutralno	Najava rokova objave izgleda i sastava žirija.	da
2026-04-14	index.hr	Evo kad će biti poznat izgled novog Maksimira	https://www.index.hr/sport/clanak/evo-kad-ce-biti-poznat-izgled-novog-maksimira/2781726.aspx	vijest	neutralno	Najava da će deveteročlani žiri izgled novog Maksimira objaviti u rujnu.	da
2026-04-14	sportklub.hr	Poznato kada bi navijači trebali saznati kako će izgledati novi stadion u Maksimiru	https://sportklub.hr/nogomet/poznato-kada-bi-navijaci-trebali-saznati-kako-ce-izgledati-novi-stadion-u-maksimiru/	vijest	neutralno	Sportklub: poznato kada bi navijači trebali saznati izgled novog stadiona.	da
2026-04-14	tportal.hr	Evo kada će biti objavljen izgled novog Maksimira	https://www.tportal.hr/sport/clanak/evo-kada-ce-biti-objavljen-izgled-novog-maksimira-20260414	vijest	neutralno	Najava kada će biti objavljen izgled novog Maksimira.	da
2026-04-16	bustler.net	International Architecture Competition: Maksimir Stadium and Svetice Sports and Recreation Centre in Zagreb, Croatia	https://bustler.net/competitions/10473/international-architecture-competition-maksimir-stadium-and-svetice-sports-and-recreation-centre-in-zagreb-croatia	sluzbeno	neutralno	Bustler objavljuje natječaj, rok predaje radova preko EOJN-a i rok za makete (datum približan).	snippet
2026-04-16	dezeen.com	International Open Architectural Competition Maksimir Stadium and Svetice	https://www.dezeen.com/competitions/international-open-architectural-competition-maksimir-stadium-svetice-sports-recreation-centre-zagreb-croatia/	sluzbeno	neutralno	Dezeen Competitions objavljuje natječaj s kriterijima ocjenjivanja i rokovima.	snippet
2026-04-16	linkedin.com	Maksimir Architectural Competition	https://www.linkedin.com/posts/davidhinessportsconsulting_maksimir-architectural-competition-activity-7450449155736555520-TlYZ	sluzbeno	neutralno	Britanski savjetnik David Hines objavljuje da sudjeluje u natječaju kao stručni savjetnik ocjenjivačkog suda.	da
2026-04-17	telegram.hr	Fabijanić odgovorio Našem Hajduku nakon prozivki o dvostrukim standardima	https://www.telegram.hr/telesport/na-prvu/fabijanic-odgovorio-nasem-hajduku-zelim-im-novi-stadion-po-njihovim-zeljama-i-za-njihov-novac/	vijest	neutralno	Član žirija Fabijanić odgovara udruzi Naš Hajduk na prozivke o dvostrukim standardima prema Poljudu i Maksimiru.	da
2026-04-21	stadion-maksimir.zagreb.hr	Predavanje: Marija Barović i Zorana Protić	https://stadion-maksimir.zagreb.hr/hr/arhitektonski-natjecaj-stadion-maksimir-i-src-svetice-predavanje-mag-ing-arch-marija-barovic-i-mag-ing-arch-zorana-protic/40	sluzbeno	neutralno	Radionica o ponovnoj uporabi elemenata starog stadiona; stranica prikazuje 15.1.2026 (vjerojatno CMS).	da
2026-04-21	stadion-maksimir.zagreb.hr	Predavanje: dr. sc. Hela Vukadin-Doronjga	https://stadion-maksimir.zagreb.hr/hr/arhitektonski-natjecaj-stadion-maksimir-i-src-svetice-predavanje-dr-sc-hela-vukadin-doronjga/42	sluzbeno	neutralno	Predavanje o povijesti stadiona za natjecatelje; stranica prikazuje 15.1.2026 (vjerojatno datum iz CMS-a), datum je preuzet iz YouTube objave.	da
2026-04-21	youtube:Udruženje hrvatskih arhitekata (UHA)	Architectural Competition: Maksimir Stadium and Svetice SRC /  mag.ing.arch M. Barović and Z. Protić	https://www.youtube.com/watch?v=hQnWK3e0RGw	video	neutralno	UHA predavanje za natjecatelje (Barović, Protić) o ponovnoj uporabi elemenata starog stadiona (773 pregleda 28.9.).	da
2026-04-21	youtube:Udruženje hrvatskih arhitekata (UHA)	Architectural Competition: Maksimir Stadium and Svetice SRC / Lecture: dr. sc. Hela Vukadin-Doronjga	https://www.youtube.com/watch?v=COYZdIPBLR0	video	neutralno	UHA predavanje za natjecatelje: povijest Stadiona Maksimir (Hela Vukadin-Doronjga) (488 pregleda 28.9.).	da
2026-04-22	archdaily.com	Convocatoria abierta: Estadio Maksimir y Centro Deportivo y Recreativo Svetice en Zagreb, Croacia	https://www.archdaily.com/es/1092683/convocatoria-abierta-estadio-maksimir-y-centro-deportivo-y-recreativo-svetice-en-zagreb-croacia	sluzbeno	neutralno	Španjolsko izdanje ArchDailyja objavljuje isti otvoreni poziv.	da
2026-04-22	archdaily.com	Open Call: Maksimir Stadium and Svetice Sports and Recreation Centre in Zagreb, Croatia	https://www.archdaily.com/1040868/open-call-maksimir-stadium-and-svetice-sports-and-recreation-centre-in-zagreb-croatia	sluzbeno	neutralno	ArchDaily objavljuje otvoreni poziv na natječaj; do 28.9. nije objavio rezultate.	da
2026-04-28	vecernji.hr	Sporna cijena web-stranice za natječaj stadiona u Maksimir. Je li Grad doista platio 26.000 eura?	https://www.vecernji.hr/vijesti/sporna-cijena-web-stranice-za-natjecaj-stadiona-u-maksimiru-grad-platio-26-000-eura-1955103	vijest	neutralno	Propituje se cijena od 26.000 eura za web-stranicu natječaja.	da
2026-04-29	index.hr	Dinamo seli na naš najmoderniji stadion, a novi Maksimir se gradi. Saznali smo sve	https://www.index.hr/sport/clanak/dinamo-seli-na-nas-najmoderniji-stadion-a-novi-maksimir-se-gradi-saznali-smo-sve/2784340.aspx	analiza	neutralno	Pregled selidbe Dinama u Kranjčevićevu i plana gradnje novog Maksimira prije natječajnih rezultata.	da
2026-04-29	reddit:dinamo	Dinamo seli na naš najmoderniji stadion, a novi Maksimir se gradi. Saznali smo sve	https://www.reddit.com/r/dinamo/comments/1sytruc/dinamo_seli_na_naš_najmoderniji_stadion_a_novi/	reddit	neutralno	Objava u r/dinamo; poveznica ili slika bez teksta	da
2026-05-05	uha.hr	Predavanje o stadionima: Fabio Salomoni	https://uha.hr/predavanje-o-stadionima-fabio-salomoni/	priopcenje	neutralno	UHA najavljuje predavanje sociologa Fabija Salomonija o rekonstrukciji stadiona u kontekstu natječaja.	da
2026-05-12	reddit:dinamo	Kako bi mogao izgledati novi stadion Maksimir.	https://www.reddit.com/r/dinamo/comments/1tayp19/kako_bi_mogao_izgledati_novi_stadion_maksimir/	reddit	neutralno	Korisnička skica mogućeg izgleda prema uvjetima natječaja.	da
2026-05-13	arhitekti-hka.hr	Stadion Maksimir i SRC Svetice – objavljeni odgovori na stručna pitanja	https://www.arhitekti-hka.hr/hr/natjecaji/stadion-maksimir-i-src-svetice---objavljeni-odgovori-na-stru%c4%8dna-pitanja,6162.html	priopcenje	neutralno	HKA prenosi objavu odgovora na stručna pitanja i novi rok predaje radova za natječaj.	da
2026-05-13	d-a-z.hr	Stadion Maksimir i SRC Svetice – objavljeni odgovori na stručna pitanja i novi rok predaje radova	https://www.d-a-z.hr/hr/vijesti/stadion-maksimir-i-src-svetice---objavljeni-odgovori-na-stru%C4%8Dna-pitanja-i-novi-rok-predaje-radova,6597.html	priopcenje	neutralno	DAZ objavljuje odgovore na stručna pitanja natjecatelja i pomicanje roka predaje radova na 17. srpnja 2026.	da
2026-05-13	index.hr	Produljen rok za predaju idejnih rješenja za novi Dinamov stadion	https://www.index.hr/sport/clanak/produljen-rok-za-predaju-idejnih-rjesenja-za-novi-dinamov-stadion/2791765.aspx	vijest	neutralno	Produljen rok za predaju natječajnih radova za novi stadion.	da
2026-05-13	n1info.hr	Problemi s početkom izgradnje novog Maksimira: Rok produljen, arhitekti misle da ni to neće biti dovoljno	https://n1info.hr/vijesti/problemi-s-pocetkom-izgradnje-novog-maksimira-rok-produljen-arhitekti-misle-da-ni-to-nece-biti-dovoljno/	vijest	neutralno	N1: produljen rok predaje radova, arhitekti smatraju da ni to nije dovoljno.	da
2026-05-13	net.hr	Dinamovi navijači neće biti sretni: Novi Maksimir mogao bi kasniti, evo zbog čega	https://net.hr/sport/nogomet/novi-maksimir-mogao-bi-kasniti-zbog-nove-odgode-5c7b4657-4ed6-11f1-936f-9600040c8f8e	vijest	neutralno	Kašnjenje Kranjčevićeve moglo bi odgoditi rušenje i gradnju novog Maksimira.	da
2026-05-13	reddit:zagreb	Svi žele graditi Maksimir! Zbog skoro 300 upita pomaknut rok za dostavu idejnih rješenja...	https://www.reddit.com/r/zagreb/comments/1tc4y53/svi_žele_graditi_maksimir_zbog_skoro_300_upita/	reddit	neutralno	Vijest o pomaku roka zbog skoro 300 upita.	da
2026-05-13	tportal.hr	Rok za novi Maksimir produljen nakon gotovo 300 upita: 'Ni to možda neće biti dovoljno'	https://www.tportal.hr/vijesti/clanak/rok-za-novi-maksimir-produljen-nakon-gotovo-300-upita-ni-to-mozda-nece-biti-dovoljno-20260513	vijest	neutralno	Rok natječaja produljen do 17. srpnja nakon gotovo 300 upita.	da
2026-05-13	uha.hr	Stadion Maksimir i SRC Svetice – novi rok predaje radova	https://uha.hr/stadion-maksimir-i-src-svetice-novi-rok-predaje-radova/	priopcenje	neutralno	UHA objavljuje novi rok predaje radova za natječaj.	da
2026-05-13	zagreb.info	Opet odgoda na projektu novog stadiona Maksimir	https://www.zagreb.info/sport/opet-odgoda-na-projektu-novog-stadiona-maksimir/838251/	vijest	neutralno	Zagreb.info: nova odgoda na projektu novog stadiona Maksimir.	da
2026-05-18	jutarnji.hr	Težak udarac za Dinamo: Odgađa se selidba prvaka s Maksimira? ‘Evo kada ćemo biti pametniji...‘	https://www.jutarnji.hr/sportske/nogomet/nogomet-mix/kranjceviceva-pomaknuti-rok-2027-odgoda-dinamove-selidbe-15709502	vijest	neutralno	Moguća odgoda Dinamove selidbe u Kranjčevićevu utječe na rokove rušenja Maksimira.	da
2026-05-20	youtube:Udruženje hrvatskih arhitekata (UHA)	Architectural Competition: Maksimir Stadium and Svetice SRC / Lecture: dr. sc. Fabio Salomoni	https://www.youtube.com/watch?v=rTbKEabr_bw	video	neutralno	UHA predavanje sociologa Fabija Salomonija o stadionu kao mjestu identiteta (309 pregleda 28.9.).	da
2026-05-21	uha.hr	INTERVJUI: Krešimir Ivaniš i Nikša Božić – o natječaju za stadion Maksimir i SRC Svetice	https://uha.hr/intervjui-kresimir-ivanis-i-niksa-bozic-o-natjecaju-za-stadion-maksimir-i-src-svetice/	intervju	neutralno	UHA objavljuje intervjue s Krešimirom Ivanišem i Nikšom Božićem o natječaju za stadion.	da
2026-05-21	youtube:Udruženje hrvatskih arhitekata (UHA)	Architectural Competition: Maksimir Stadium and Svetice SRC / Interview: Nikša Božić, M. Arch.	https://www.youtube.com/watch?v=5TiorOuFv-E	video	neutralno	UHA intervju s ravnateljem ZZPU Nikšom Božićem o natječaju (202 pregleda 28.9.).	da
2026-05-21	youtube:Udruženje hrvatskih arhitekata (UHA)	Architectural Competition: Maksimir Stadium and Svetice SRC / Interview: Prof. Arch. Krešimir Ivaniš	https://www.youtube.com/watch?v=KxwdNPp3z78	video	neutralno	UHA intervju s prof. Krešimirom Ivanišem o natječaju (189 pregleda 28.9.).	da
2026-05-25	n1info.hr	Traži se savjetnik za Maksimir: Platit će ga 1,2 milijuna eura, ovo će mu biti glavni zadatak	https://n1info.hr/vijesti/trazi-se-savjetnik-za-maksimir-platit-ce-ga-12-milijuna-eura-ovo-ce-mu-biti-glavni-zadatak/	vijest	neutralno	N1: Grad traži savjetnika za projekt Maksimir vrijednog 1,2 milijuna eura.	da
2026-05-25	poslovni.hr	Zagreb plaća savjetniku za Maksimir 27.000 eura mjesečno – evo što mora napraviti za taj novac	https://www.poslovni.hr/hrvatska/zagreb-placa-savjetniku-za-maksimir-27-000-eura-mjesecno-evo-sto-mora-napraviti-za-taj-novac-4539694	vijest	neutralno	Poslovni dnevnik: savjetnik za Maksimir stajat će 27.000 eura mjesečno.	da
2026-05-25	tportal.hr	Traži se savjetnik za Maksimir: Platit će ga 1,2 milijuna eura, a ovo će mu biti glavni zadatak	https://www.tportal.hr/vijesti/clanak/trazi-se-savjetnik-za-maksimir-platit-ce-ga-1-2-milijuna-eura-a-ovo-ce-mu-biti-glavni-zadatak-20260525	vijest	neutralno	Grad raspisuje natječaj od 1,2 milijuna eura za savjetnike na projektu.	da
2026-05-26	dnevno.hr	Tomašević traži savjetnika za gradnju Maksimira: Spreman je za njega dati basnoslovnu svotu novca	https://www.dnevno.hr/gospodarstvo-i-turizam/tomasevic-trazi-savjetnika-za-gradnju-maksimira-spreman-je-za-njega-dati-basnoslovnu-svotu-novca-3311339/	vijest	neutralno	Dnevno kritički prenosi natječaj za savjetnika za gradnju Maksimira.	da
2026-05-26	reddit:dinamo	HOĆE LI NOVI MAKSIMIR BITI PROMAŠAJ?	https://www.reddit.com/r/dinamo/comments/1toa7w1/hoće_li_novi_maksimir_biti_promašaj/	reddit	mjesovito	Rasprava o kapacitetu od 35.000 mjesta prije rezultata.	da
2026-05-26	stadion-maksimir.zagreb.hr	Intervju: dipl.ing.arh. Nikša Božić	https://stadion-maksimir.zagreb.hr/hr/arhitektonski-natjecaj-stadion-maksimir-i-src-svetice-intervju-dipl-ing-arh-niksa-bozic/46	sluzbeno	neutralno	Ravnatelj ZZPU-a o natječaju i prostornim politikama Zagreba.	da
2026-05-26	stadion-maksimir.zagreb.hr	Intervju: dr. sc. Fabio Salomoni	https://stadion-maksimir.zagreb.hr/hr/arhitektonski-natjecaj-stadion-maksimir-i-src-svetice-intervju-dr-sc-fabio-salomoni/48	sluzbeno	neutralno	Predavanje sociologa o stadionu kao mjestu identiteta.	da
2026-05-26	stadion-maksimir.zagreb.hr	Intervju: prof. Krešimir Ivaniš	https://stadion-maksimir.zagreb.hr/hr/arhitektonski-natjecaj-stadion-maksimir-i-src-svetice-intervju-profesor-kresimir-ivanis/44	sluzbeno	neutralno	Intervju u sklopu edukativnog programa natječaja.	da
2026-05-27	dnevno.hr	Cijena novog Maksimira mogla bi eksplodirati: 'Moja ponuda je unutar 200 milijuna eura'	https://www.dnevno.hr/gospodarstvo-i-turizam/cijena-novog-maksimira-mogla-bi-eksplodirati-moja-ponuda-je-unutar-200-milijuna-eura-3311987/	vijest	neutralno	Dnevno: cijena novog Maksimira mogla bi premašiti 200 milijuna eura.	da
2026-05-27	zagreb.info	Cijena stadiona u Maksimiru mogla bi doseći astronomske cifre: Spominju se ove brojke	https://www.zagreb.info/vijesti/cijena-stadiona-u-maksimiru-mogla-bi-doseci-astronomske-cifre-spominju-se-ove-brojke/842915/	vijest	neutralno	Zagreb.info o mogućem rastu cijene stadiona.	da
2026-06-02	beedier.com	Stadio Maksimir e Centro sportivo e ricreativo Svetice, Zagabria	https://beedier.com/it/gare-dappalto/maksimir-stadium-and-svetice-sports-and-recreation-centre-zagreb/	sluzbeno	neutralno	Talijanski Beedier vodi natječaj u bazi natječaja za dizajn.	da
2026-06-24	coamu.es	Concurso internacional de arquitectura: Estadio Maksimir y Centro Deportivo Svetice	https://www.coamu.es/secciones/concursos/ficha.jsp?id=2617&tipo=Concurso&origen=concursos/index.jsp	sluzbeno	neutralno	Arhitektonska komora Murcije (COAMU) vodi natječaj u svojoj bazi s rokom 24. lipnja (datum približan).	da
2026-06-30	architectural-review.com	Competition: Maksimir Stadium and Svetice Sports and Recreation Centre in Zagreb, Croatia	https://www.architectural-review.com/partnerships/competition-maksimir-stadium-and-svetice-sports-and-recreation-centre-in-zagreb-croatia	sluzbeno	neutralno	Plaćeni prilog u Architectural Reviewu najavljuje produljeni rok predaje do 17. srpnja.	da
2026-07-06	d-a-z.hr	Stadion Maksimir i SRC Svetice – rok predaje / deadline reminder	https://www.d-a-z.hr/hr/vijesti/stadion-maksimir-i-src-svetice---rok-predaje---deadline-reminder,6615.html	priopcenje	neutralno	DAZ podsjeća natjecatelje na rokove elektroničke predaje radova (17. srpnja) i predaje maketa (28. srpnja).	da
2026-07-06	d-a-z.hr	Stadion Maksimir i SRC Svetice – rok predaje / deadline reminder	https://www.d-a-z.hr/hr/aktualna-tema/stadion-maksimir-i-src-svetice---rok-predaje---deadline-reminder,6615.html	sluzbeno	neutralno	DAZ podsjeća na rok predaje maketa 28.7.2026.	da
2026-07-07	linkedin.com	Sponsored feature: Maksimir Stadium and Svetice Sports Centre International Competition	https://www.linkedin.com/posts/the-architectural-review_sponsored-feature-competition-maksimir-activity-7480295329465143296-I2pr	sluzbeno	neutralno	LinkedIn objava Architectural Reviewa o produljenom roku predaje.	da
2026-07-09	stadion-maksimir.zagreb.hr	Obavijest natjecateljima – upute za predaju kroz EOJN RH	https://stadion-maksimir.zagreb.hr/hr/obavijest-natjecateljima-upute-za-predaju-natjecajnih-rjesenja-kroz-eojn-rh/126	sluzbeno	neutralno	Upute za elektroničku predaju i čišćenje identiteta iz datoteka.	da
2026-07-17	hkig.hr	HKIG uputila dopis gradonačelniku Grada Zagreba vezano uz arhitektonsko-urbanistički natječaj za stadion Maksimir	https://hkig.hr/Vijesti-i-najave/Vijesti-i-najave/Vijesti/2026/HKIG-uputila-dopis-gradonacelniku-Grada-Zagreba-vezano-uz-arhitektonsko-urbanisticki-natjecaj-za-stadion-Maksimir/1711	priopcenje	neutralno	HKIG u dopisu gradonačelniku osporava vrstu natječaja (arhitektonsko-urbanistički umjesto projektnog) i sastav ocjenjivačkog suda s premalo inženjera.	da
2026-07-17	wbarchitectures.be	International Architecture Competition: Maksimir Stadium and Svetice Sports and Recreation Centre in Zagreb, Croatia	https://wbarchitectures.be/en/concours/international-architecture-competition-maksimir-stadium-and-svetice-sports-and-recreation	sluzbeno	neutralno	Belgijska agencija Wallonie-Bruxelles Architectures upućuje svoje arhitekte na natječaj (datum je rok predaje).	da
2026-07-31	instagram.com	Tash Architects: Building our vision for Maksimir Stadium	https://www.instagram.com/reel/DbdcdnqvwMN/	natjecateljski-rad	neutralno	Tash Architects još prije rezultata objavljuju reel o izradi svog prijedloga.	da
2026-08-02	construction.hr	Završen međunarodni natječaj za novi stadion Maksimir, slijedi ocjenjivanje pristiglih radova	https://www.construction.hr/novosti/zavrsen-medjunarodni-natjecaj-za-novi-stadion-maksimir-slijedi-ocjenjivanje-pristiglih-radova/a/11879	analiza	neutralno	Construction.hr: natječaj zatvoren, broj radova još nije objavljen, slijedi ocjenjivanje.	da
2026-08-31	sportnet.hr	Boban prošao sve teme: Otkrio tko dolazi u Dinamo i potvrdio kada kreće rušenje Maksimira	https://sportnet.hr/vijesti/nogomet-supersport-hnl/boban-prosao-sve-teme-otkrio-tko-dolazi-u-dinamo-i-potvrdio-kada-krece-rusenje-maksimira/631285/	vijest	neutralno	Boban na presici potvrdio kada kreće rušenje Maksimira.	da
2026-09-02	jutarnji.hr	Boban najavio oproštaj od Maksimira, poznati novi detalji s Kranjčom i kada će biti gotova!	https://www.jutarnji.hr/sportske/nogomet/hnl/klubovi/dinamo/dinamo-oprostaj-od-maksimira-kranjceviceva-kasni-boban-najavljuje-promjene-15742671	vijest	neutralno	Boban najavio oproštaj od Maksimira i selidbu u Kranjčevićevu.	da
2026-09-02	jutarnji.hr	Dinamo će ostati bez kompletne infrastrukture, 500 djece neće imati gdje trenirati, a cijela priča - stoji!	https://www.jutarnji.hr/sportske/nogomet/hnl/klubovi/dinamo/dinamo-bez-kampa-nakon-rusenja-maksimira-mandlova-kasni-blato-moguce-rjesenje-15742762	analiza	neutralno	Rušenje Maksimira ostavlja Dinamo bez infrastrukture za 500 djece dok se ne riješi kamp.	da
2026-09-02	reddit:dinamo	Stadion - Kranjčevićeva i Maksimir  - info	https://www.reddit.com/r/dinamo/comments/1w5o3iu/stadion_kranjčevićeva_i_maksimir_info/	reddit	neutralno	Objava u r/dinamo: Ima li itko insajderske informacije kad će se znati izgled novog Maksimira, navodno bi se trebalo javno prezentirati oko 15.09.2026. I za…	da
2026-09-02	sportnet.hr	Tomašević odgovorio Bobanu: 'Svi smo vrlo svjesni kako stvari trebaju izgledati'	https://sportnet.hr/vijesti/nogomet-supersport-hnl/tomasevic-odgovorio-bobanu-svi-smo-vrlo-svjesni-kako-stvari-trebaju-izgledati/631360/	vijest	neutralno	Tomašević odgovara Bobanu o kampu i terenima tijekom gradnje.	da
2026-09-02	tportal.hr	Što je s Dinamovim kampom? Tomašević odgovorio Bobanu i otkrio veliki problem	https://www.tportal.hr/sport/clanak/sto-je-s-dinamovim-kampom-tomasevic-odgovorio-bobanu-i-otkrio-veliki-problem-20260902	vijest	neutralno	Tomašević odgovara Bobanu o Dinamovu kampu nakon rušenja Maksimira.	da
2026-09-04	gol.dnevnik.hr	Dinamo se ipak ne seli u Kranjčevićevu prema planu? Pomaknut rok dovršetka stadiona	https://gol.dnevnik.hr/clanak/rubrika/nogomet/dinamo-ipak-ne-seli-u-kranjcevicevu-prema-planu-pomaknut-rok-dovrsetka-stadiona---999580.html	vijest	neutralno	Pomaknut rok dovršetka Kranjčevićeve odgađa Dinamovu selidbu.	da
2026-09-13	reddit:dinamo	Datum odabira idejnog rješenja za novi Maksimir	https://www.reddit.com/r/dinamo/comments/1wf5g86/datum_odabira_idejnog_rješenja_za_novi_maksimir/	reddit	neutralno	Objava u r/dinamo: https://preview.redd.it/scbtvkiwy9ph1.png?width=600&format=png&auto=webp&s=9584c355ec8ff9ece6f74eba36c6fb49a090b190 Zna li se neki rok ili…	da
2026-09-23	24sata.hr	Maksimir uskoro ruše. Ovo su arhitektonske fantazije i propali snovi o zagrebačkom stadionu	https://www.24sata.hr/sport/maksimir-uskoro-ruse-ovo-su-arhitektonske-fantazije-i-propali-snovi-o-zagrebackom-stadionu-1111365	analiza	neutralno	Povijest propalih arhitektonskih vizija za zagrebački stadion uoči objave rezultata.	da
2026-09-23	24sata.hr	Sutra ćemo konačno znati kako će izgledati budući Maksimir!	https://www.24sata.hr/sport/sutra-cemo-konacno-znati-kako-ce-izgledati-buduci-maksimir-1156391	vijest	neutralno	Najava objave pobjedničkog rješenja za novi Dinamov stadion.	da
2026-09-23	dnevno.hr	Sutra će biti predstavljen novi izgled stadiona Maksimir: Poznat prvonagrađeni projekt	https://www.dnevno.hr/vijesti/sutra-ce-biti-predstavljen-novi-izgled-stadiona-maksimir-poznat-prvonagradeni-projekt-3424662/	vijest	neutralno	Dnevno najavljuje predstavljanje i objavljuje da je prvonagrađeni projekt poznat.	da
2026-09-23	germanijak.hr	Možda je san, a možda stvarnost: Sutra se predstavlja izgled novog Maksimira	https://www.germanijak.hr/nogomet/vijesti/mozda-je-san-a-mozda-stvarnost-sutra-se-predstavlja-izgled-novog-maksimira/167336	vijest	neutralno	Germanijak najavljuje predstavljanje izgleda novog Maksimira.	da
2026-09-23	index.hr	Sutra predstavljaju izgled novog Dinamovog stadiona	https://www.index.hr/vijesti/clanak/sutra-se-predstavlja-projekt-novog-maksimirskog-stadiona/2838017.aspx	vijest	neutralno	Najava predstavljanja prvonagrađenog rada Vlade, Grada i DAZ-a.	da
2026-09-23	jutarnji.hr	Uskoro pada velika objava o novom Maksimiru: ‘To što smo dobili je hvale vrijedno‘	https://www.jutarnji.hr/sportske/nogomet/sutra-izgled-novog-stadiona-dinama-maksimir-predstavljanje-projekta-kranjceviceva-15749285	vijest	neutralno	Najava predstavljanja i rokova Kranjčevićeve uoči objave pobjednika.	da
2026-09-23	n1info.hr	Sutra se predstavlja izgled novog Dinamovog stadiona	https://n1info.hr/vijesti/sutra-se-predstavlja-izgled-novog-dinamovog-stadiona/	vijest	neutralno	N1 najavljuje sutrašnje predstavljanje izgleda novog Dinamova stadiona.	da
2026-09-23	reddit:dinamo	Sutra ćemo saznati kako će izgledati novi Maksimir	https://www.reddit.com/r/dinamo/comments/1wo9fh6/sutra_ćemo_saznati_kako_će_izgledati_novi_maksimir/	reddit	neutralno	Objava u r/dinamo: Predstavljanje će se održati u 13 sati u prostorima Društva arhitekata Zagreba na Trgu bana Josipa Jelačića 3.…	da
2026-09-23	telegram.hr	Kako će izgledati novi maksimirski stadion? Sutra ćemo dobiti odgovor na to vječno pitanje	https://www.telegram.hr/vijesti/kako-ce-izgledati-novi-maksimirski-stadion-sutra-cemo-dobiti-odgovor-na-to-pitanje/	vijest	neutralno	Telegram najavljuje objavu izgleda novog stadiona.	da
2026-09-23	tportal.hr	Sutra doznajemo kako će izgledati budući stadion Maksimir	https://www.tportal.hr/vijesti/clanak/sutra-doznajemo-kako-ce-izgledati-buduci-stadion-maksimir-foto-20260923	vijest	neutralno	Najava objave rezultata i pojašnjenje da natječaj nije anketni.	da
2026-09-23	vecernji.hr	Veliki dan za Dinamo: Sutra predstavljaju izgled novog stadiona hrvatskog prvaka	https://www.vecernji.hr/sport/veliki-dan-za-dinamo-sutra-predstavljaju-izgled-novog-stadiona-hrvatskog-prvaka-1998010	vijest	neutralno	Najava predstavljanja rezultata natječaja uz sudionike konferencije.	da
2026-09-23	x.com	Croatian Football: winning design to be presented tomorrow	https://x.com/CroatiaFooty/status/2102832403249336652	vijest	neutralno	Engleski X profil Croatian Football najavljuje predstavljanje pobjedničkog rada 24.9. u 13 sati.	da
2026-09-24	24sata.hr	ANKETA Sviđa li vam se dizajn novog stadiona Maksimir?	https://www.24sata.hr/sport/anketa-svida-li-vam-se-dizajn-novog-stadiona-maksimir-1156587	anketa	neutralno	Anketa 24sata o tome sviđa li se čitateljima dizajn novog Maksimira.	da
2026-09-24	24sata.hr	Arhitekti o novom Maksimiru: 'Nažalost, izgubljena je veza sa šumom. Kako će izvesti šilteve?'	https://www.24sata.hr/sport/arhitekti-o-novom-maksimiru-nazalost-izgubljena-je-veza-sa-sumom-kako-ce-izvesti-silteve-1156626	vijest	protiv	Arhitekti uključujući Otta Barića mlađeg kritiziraju izgubljenu vezu sa šumom.	da
2026-09-24	24sata.hr	Boban brani novi Maksimir: Ovo je remek-djelo. Nismo htjeli običnu konfekcijsku tvorevinu	https://www.24sata.hr/sport/boban-brani-novi-maksimir-ovo-je-remek-djelo-nismo-htjeli-obicnu-konfekcijsku-tvorevinu-1156658	intervju	pro	Boban brani projekt kao remek-djelo umjesto konfekcijske arene.	da
2026-09-24	24sata.hr	Boban hvali stadion, navijači bijesni: U duhu je starog stadiona Vladimira Turine	https://www.24sata.hr/news/boban-hvali-stadion-navijaci-bijesni-u-duhu-je-starog-stadiona-vladimira-turine-1156655	vijest	mjesovito	Boban hvali stadion u duhu Turinina Maksimira, dok su navijači bijesni.	da
2026-09-24	24sata.hr	Boban odgovorio kritičarima novog Maksimira: 'Ljudi su očekivali generičku konfekciju'	https://www.24sata.hr/sport/boban-odgovorio-kriticarima-novog-maksimira-ljudi-su-ocekivali-genericku-konfekciju-1156690	vijest	pro	Boban odgovara kritičarima da su ljudi očekivali generičku konfekciju.	da
2026-09-24	24sata.hr	Dinamo organizira javnu tribinu o novom stadionu, stiže Boban	https://www.24sata.hr/sport/dinamo-organizira-javnu-tribinu-o-novom-stadionu-stize-boban-1156632	vijest	neutralno	Dinamo najavljuje javnu tribinu o novom stadionu uz Bobanovo sudjelovanje.	da
2026-09-24	24sata.hr	EKSKLUZIVNO Vlada i Grad mogu odbiti rješenje. Evo kako bi izgledao novi postupak!	https://www.24sata.hr/news/eskkluzivno-novi-maksimir-je-odabrao-ziri-u-kojem-su-vecinom-arhitekti-moguc-novi-postupak-1156689	analiza	neutralno	Objašnjenje da Vlada i Grad mogu odbiti rješenje i kako bi izgledao novi postupak.	da
2026-09-24	24sata.hr	Evo što znamo o Talijanima koji će graditi novi Maksimir! Dolaze iz Milana, još nisu radili stadion	https://www.24sata.hr/sport/evo-sto-znamo-o-talijanima-koji-ce-graditi-novi-maksimir-dolaze-iz-milana-jos-nisu-radili-stadion-1156634	vijest	neutralno	Profil milanskog studija VG13 koji dosad nije radio stadion.	da
2026-09-24	24sata.hr	FOTO Ovako bi trebao izgledati stadion Maksimir! Stigle fotke	https://www.24sata.hr/sport/foto-ovako-bi-trebao-izgledati-maksimir-objavili-prve-fotke-1156578	galerija	neutralno	Prve fotografije pobjedničkog rješenja i rokovi rušenja.	da
2026-09-24	24sata.hr	FOTO Pogledajte projekte novog Maksimira koji nisu prošli! Među njima i slavni Japanac	https://www.24sata.hr/sport/foto-pogledajte-projekte-novog-maksimira-koji-nisu-prosli-medu-njima-i-slavni-japanac-1156699	galerija	neutralno	Galerija neprolaznih radova, uključujući slavnog japanskog arhitekta.	da
2026-09-24	24sata.hr	Gledajte '240 sekundi 24sata': Otkrili dizajn novog Maksimira. Ipak, nisu baš svi zadovoljni...	https://www.24sata.hr/news/gledajte-240-sekundi-24sata-otkrili-dizajn-novog-maksimira-ipak-nisu-bas-svi-zadovoljni-1156696	video	protiv	Videopregled 240 sekundi o dizajnu novog Maksimira i nezadovoljstvu dijela javnosti.	da
2026-09-24	24sata.hr	Kae ovo, frende? Pogledajte što o novom Maksimiru misli skoro 90% čitatelja 24sata u anketi!	https://www.24sata.hr/sport/citatelji-gotovo-jednoglasno-novi-maksimir-nam-se-ne-svida-1156672	anketa	protiv	U anketi 24sata gotovo 90 posto čitatelja ne sviđa se novi Maksimir.	da
2026-09-24	24sata.hr	Lovrenov komentar za novi stadion Maksimir postao je hit, a nije napisao niti jednu riječ	https://www.24sata.hr/sport/lovrenov-komentar-za-novi-stadion-maksimir-postao-je-hit-1156684	vijest	protiv	Lovrenova reakcija bez riječi na novi Maksimir postala viralna.	da
2026-09-24	24sata.hr	Mihael Mikić o novom stadionu: 'Gradimo spomenik komunizmu. Kao kutija s alatom iz reklame'	https://www.24sata.hr/sport/mihael-mikic-o-novom-stadionu-gradimo-spomenik-komunizmu-kao-kutija-s-alatom-iz-reklame-1156711	vijest	protiv	Bivši dinamovac Mihael Mikić stadion naziva spomenikom komunizmu i kutijom za alat.	da
2026-09-24	24sata.hr	Novi stadion? Bijes će biti veći kad ulaznice budu koštale 50 €	https://www.24sata.hr/news/novi-stadion-bijes-ce-biti-veci-kad-ulaznice-budu-kostale-50-eur-1156649	kolumna	mjesovito	Komentar priznaje poveznicu sa starim Maksimirom, ali upozorava na buduće cijene ulaznica.	da
2026-09-24	24sata.hr	Ovo je stadion Maksimir Otte Barića, nije prošao ni u Top 5	https://www.24sata.hr/sport/ovo-je-stadion-maksimir-otte-barica-nije-prosao-ni-u-top-5-1156656	galerija	neutralno	Predstavljen rad Otta Barića mlađeg koji nije ušao u top 5.	da
2026-09-24	24sata.hr	Reakcije na novi Maksimir: 'Ma bolje da ga ne rade', 'Izgleda kao da je krov od salonit ploča'	https://www.24sata.hr/sport/reakcije-na-novi-maksimir-ma-bolje-da-ga-ne-rade-stvarno-ruzno-kao-da-ga-rade-djeca-1156603	vijest	protiv	Pregled negativnih reakcija čitatelja na odvojene tribine i krov.	da
2026-09-24	24sata.hr	Tomašević o kritikama na novi stadion: Mogli smo imati našu Allianz Arenu, ali nismo htjeli	https://www.24sata.hr/sport/tomasevic-o-kritikama-na-novi-stadion-mogli-smo-imati-nasu-allianz-arenu-ali-nismo-htjeli-1156670	vijest	pro	Tomašević: mogli smo imati Allianz Arenu, ali htjeli smo prepoznatljiv stadion.	da
2026-09-24	24sata.hr	VIDEO Otkrili novi Maksimir! 'Nema kopije, on je ikoničan'	https://www.24sata.hr/sport/uzivo-otkrivaju-dizajn-novog-maksimira-evo-sto-ce-imati-1156517	video	pro	Video s predstavljanja u kojem se rješenje opisuje kao ikonično i nekopirano.	da
2026-09-24	24sata.hr	Već se potpisuju peticije za povlačenje izabranog rješenja za novi stadion Maksimir	https://www.24sata.hr/sport/vec-se-potpisuju-peticije-za-povlacenje-izabranog-rjesenja-za-novi-stadion-maksimir-1156697	vijest	protiv	Pokrenute peticije za povlačenje izabranog rješenja.	da
2026-09-24	24ur.com	Maksimir korak naprej, Stožice več kot desetletje na mestu	https://www.24ur.com/sport/nogomet/maksimir-korak-naprej-stozice-vec-kot-desetletje-na-mestu.html	kolumna	pro	24ur uspoređuje napredak Zagreba s ljubljanskim Stožicama i pozitivno ocjenjuje konkretan plan za Maksimir.	da
2026-09-24	arhitekti-hka.hr	Rezultati međunarodnog arhitektonsko-urbanističkog natječaja SRC Svetice – stadion Maksimir	https://www.arhitekti-hka.hr/hr/natjecaji/rezultati-me%C4%91unarodnog-arhitektonsko-urbanisti%C4%8Dkog-natje%C4%8Daja-src-svetice,6202.html	priopcenje	neutralno	HKA objavljuje rezultate natječaja za SRC Svetice – stadion Maksimir s popisom nagrađenih autora.	da
2026-09-24	b92.net	Objavljeno kako će izgledati novi stadion Maksimir u Zagrebu FOTO	https://www.b92.net/sport/fudbal/ex-yu-fudbal/270359/otkriveno-kako-ce-izgledati-novi-maksimir-foto/vest	vijest	neutralno	B92 prenosi predstavljanje pobjedničkog rada VG13 s fotografijama.	da
2026-09-24	baustela.hr	Danas ćemo napokon vidjeti novi Maksimir: Donosimo cijeli put od zemljišta do stadiona	https://baustela.hr/novosti/vijesti/87486/danas-cemo-napokon-vidjeti-novi-maksimir-donosimo-cijeli-put-od-zemljista-do-stadiona/vijest	analiza	neutralno	Baustela uoči predstavljanja rekapitulira put od rješavanja zemljišta do natječaja.	da
2026-09-24	baustela.hr	Oni će projektirati novi Maksimir: Nikad nisu radili stadion, a sada dobili posao od 205 milijuna eura	https://baustela.hr/estetika/vijesti/87498/oni-ce-projektirati-novi-maksimir-nikad-nisu-radili-stadion-a-sada-dobili-posao-od-205-milijuna-eura/vijest	analiza	mjesovito	Baustela piše da mladi milanski studio VG13 nikad prije nije projektirao stadion, a sada dobiva posao od 205 milijuna eura.	da
2026-09-24	baustela.hr	Ovo je najbolji hrvatski dizajn za novi Maksimir: Stadion izgleda poput goleme košnice	https://baustela.hr/estetika/vijesti/87510/ovo-je-najbolji-hrvatski-dizajn-za-novi-maksimir-stadion-izgleda-poput-goleme-kosnice/vijest	galerija	neutralno	Baustela predstavlja najbolje plasirani hrvatski rad (njiric+) kao alternativu pobjedniku.	da
2026-09-24	baustela.hr	Ovo je novi Maksimir! Stari duh i novi identitet Dinama stiže iz pera renomiranih talijanskih arhitekata	https://baustela.hr/novosti/vijesti/87497/ovo-je-novi-maksimir-stari-duh-i-novi-identitet-dinama-stize-iz-pera-renomiranih-talijanskih-arhitekata/vijest	vijest	pro	Baustela predstavlja pobjednički rad VG13 kao spoj starog duha i novog identiteta Dinama.	da
2026-09-24	baustela.hr	Pet vizija novog Maksimira: Pogledajte nagrađene projekte od kojih će jedan postati novi dom Dinama	https://baustela.hr/estetika/vijesti/87506/pet-vizija-novog-maksimira-pogledajte-nagradene-projekte-od-kojih-ce-jedan-postati-novi-dom-dinama/vijest	galerija	neutralno	Baustela donosi galeriju svih pet nagrađenih radova.	da
2026-09-24	baustela.hr	VIDEO Najveći dan u povijesti Maksimira: Ovo su pobjednici, predstavljeno idejno rješenje	https://baustela.hr/novosti/vijesti/87493/video-najveci-dan-u-povijesti-maksimira-ovo-su-pobjednici-predstavljeno-idejno-rjesenje/vijest	video	pro	Baustela s videom prati predstavljanje pobjednika i idejnog rješenja.	da
2026-09-24	bug.hr	Pogledajte kako će izgledati novi Stadion Maksimir	https://www.bug.hr/dogadjaji/pogledajte-kako-ce-izgledati-novi-stadion-maksimir-63131	vijest	neutralno	Bug.hr predstavlja pobjednički rad VG13 i planirane rokove.	da
2026-09-24	change.org	Peticija za novi arhitektonski natječaj za stadion u Maksimiru	https://www.change.org/p/peticija-za-novi-arhitektonski-natje%C4%8Daj-za-stadion-u-maksimiru	peticija	protiv	Pokrenuo Mario Ramić; traži novi natječaj, cilj 500 potpisa (oko 234 prema provjeri iz research/10).	da
2026-09-24	change.org	Preispitajte odabir rješenja za novi stadion Maksimir	https://www.change.org/p/preispitajte-odabir-rje%C5%A1enja-za-novi-stadion-maksimir	peticija	protiv	Pokrenuo Mihael Grabić; cilj 100 potpisa, 97 dijeljenja.	da
2026-09-24	construction.hr	Novi Maksimir: stadion od 35.000 mjesta projektirat će talijanski VG13 Architects	https://www.construction.hr/novosti/novi-maksimir-stadion-od-35000-mjesta-projektirat-ce-talijanski-vg13-architects/a/12014	analiza	neutralno	Construction.hr donosi stručni pregled pobjedničkog rada, nagrada i rokova.	da
2026-09-24	croatiaweek.com	New Maksimir Stadium design selected after international competition	https://www.croatiaweek.com/croatia-new-maksimir-stadium-winning-design/	vijest	neutralno	Croatia Week na engleskom izvještava o pobjedi VG13 među 88 radova i rokovima rušenja 2027. i gradnje 2029.	da
2026-09-24	direktno.hr	Boban odgovorio na kritike o novom stadionu, kaže da je ovo najbolje: 'Što smo trebali?'	https://direktno.hr/sport/boban-odgovorio-na-kritike-o-novom-stadionu-kaze-da-je-ovo-najbolje-sto-smo-trebali-405008/	vijest	pro	Boban odgovara na kritike i brani izbor kao najbolje rješenje.	da
2026-09-24	direktno.hr	Diže se bura zbog novog Maksimira: Ova četiri prijedloga nisu prošla	https://direktno.hr/sport/dize-se-bura-zbog-novog-maksimira-ova-cetiri-prijedloga-nisu-prosla-405007/	galerija	neutralno	Direktno prikazuje četiri nagrađena rada koji nisu pobijedili.	da
2026-09-24	direktno.hr	Navijači Dinama šokirani novim Maksimirom: 'Dižite se na noge, ovo je neviđena sramota'	https://direktno.hr/sport/navijaci-dinama-sokirani-novim-maksimirom-dizite-se-na-noge-ovo-je-nevidena-sramota-404999/	vijest	protiv	Direktno prenosi šokirane reakcije navijača koji rješenje nazivaju sramotom.	da
2026-09-24	direktno.hr	Ne stišava se bura oko Maksimira: Već pokrenuta peticija za poništenje natječaja	https://direktno.hr/sport/ne-stisava-se-bura-oko-maksimira-vec-pokrenuta-peticija-za-ponistenje-natjecaja-405032/	vijest	protiv	Direktno: pokrenuta peticija za poništenje natječaja.	da
2026-09-24	direktno.hr	Otto Barić o novom Maksimiru: 'Nisam siguran da bih odabrao ovo rješenje, prilika propuštena'	https://direktno.hr/zagreb/otto-baric-o-novom-maksimiru-nisam-siguran-da-bih-odabrao-ovo-rjesenje-prilika-propustena-405018/	vijest	protiv	Otto Barić smatra da ne bi odabrao ovo rješenje i da je prilika propuštena.	da
2026-09-24	direktno.hr	Otto Barić podijelio svoj projekt za stadion Maksimir koji nije prošao: 'Malo drugačiji'	https://direktno.hr/sport/otto-baric-podijelio-svoj-projekt-stadion-maksimir-koji-nije-prosao-malo-drugaciji-405031/	vijest	protiv	Otto Barić objavljuje svoj neprihvaćeni rad kao alternativu.	da
2026-09-24	direktno.hr	Ovako će izgledati novi stadion u Maksimiru: Sviđa li vam se ovo rješenje?	https://direktno.hr/sport/ovako-ce-izgledati-novi-stadion-u-maksimiru-svida-li-vam-se-ovo-rjesenje-404979/	anketa	neutralno	Direktno predstavlja pobjednički rad i otvara anketu o dizajnu.	da
2026-09-24	direktno.hr	Tomašević o kritikama novog Maksimira: 'Mogli smo imati našu Allianz Arenu, ali nismo htjeli'	https://direktno.hr/sport/tomasevic-o-kritikama-novog-maksimira-mogli-smo-imati-nasu-allianz-arenu-ali-nismo-htjeli-405014/	vijest	pro	Tomašević brani rješenje: mogli smo imati Allianz Arenu, ali nismo htjeli generički stadion.	da
2026-09-24	dnevnik.hr	Predstavljen izgled novog stadiona u Maksimiru!	https://dnevnik.hr/video/predstavljen-izgled-novog-stadiona-u-maksimiru---63399147	video	neutralno	Nova TV Dnevnik prilog s predstavljanja rješenja VG13.	snippet
2026-09-24	dnevnik.si	Novi stadion razburil Hrvate: Odprta kartonasta škatla	https://www.dnevnik.si/sport/nogomet/novi-stadion-razburil-hrvate-odprta-kartonasta-skatla-ki-so-jo-vajenci-izdelali-pri-tehnicni-vzgoji-2829775/	vijest	protiv	Dnevnik.si piše da je dio javnosti zasmetala odvojenost četiriju tribina i usporedba s kartonskom kutijom.	da
2026-09-24	dnevno.hr	Boban brani novi Maksimir, odgovorio na goruće pitanje: 'Što smo trebali? Nismo htjeli Ikea stadion'	https://www.dnevno.hr/sport/boban-brani-novi-maksimir-odgovorio-na-goruce-pitanje-sto-smo-trebali-nismo-htjeli-ikea-stadion-3425549/	vijest	pro	Dnevno: Boban brani rješenje, nismo htjeli Ikea stadion.	da
2026-09-24	dnevno.hr	Boban otkrio moguću promjenu na novom Maksimiru koja bi se mogla svidjeti navijačima	https://www.dnevno.hr/sport/boban-otkrio-mogucu-promjenu-na-novom-maksimiru-koja-bi-se-mogla-svidjeti-navijacima-3425817/	vijest	mjesovito	Dnevno: Boban najavljuje moguću promjenu koja bi se mogla svidjeti navijačima.	da
2026-09-24	dnevno.hr	Lovrena novi Maksimir nije impresionirao, pogledajte njegovu reakciju	https://www.dnevno.hr/sport/lovrena-novi-maksimir-nije-impresionirao-pogledajte-njegovu-reakciju-3425741/	vijest	protiv	Dejan Lovren nije impresioniran novim Maksimirom.	da
2026-09-24	dnevno.hr	Navijači Dinama udaraju, nikako nisu zadovoljni: Brutalno 'pokopali' novi stadion	https://www.dnevno.hr/sport/navijaci-dinama-udaraju-nikako-nisu-zadovoljni-brutalno-pokopali-novi-stadion-3425450/	vijest	protiv	Dnevno prenosi da su navijači brutalno odbacili novi stadion.	da
2026-09-24	dnevno.hr	Otto Barić o novom maksimirskom stadionu: 'Jedna stvar u Hrvatskoj je fascinantna'	https://www.dnevno.hr/vijesti/otto-baric-o-novom-maksimirskom-stadionu-jedna-stvar-u-hrvatskoj-je-fascinantna-3425775/	vijest	protiv	Otto Barić kritički o novom stadionu i hrvatskim prilikama.	da
2026-09-24	dnevno.hr	Otto Barić pokazao kako bi izgledao njihov Maksimir da je prošao: Navijači su u ekstazi	https://www.dnevno.hr/sport/otto-baric-pokazao-kako-bi-izgledao-njihov-maksimir-da-je-prosao-navijaci-su-u-ekstazi-3425836/	vijest	protiv	Dnevno: Barićeva alternativa oduševila navijače.	da
2026-09-24	dnevno.hr	Poznato je kako će izgledati novi stadion Dinama: Talijani će graditi totalno drugačiji stadion	https://www.dnevno.hr/sport/konacno-se-predstavlja-izgled-novog-maksimira-cudo-od-35-000-mjesta-ali-nisu-bas-svi-sretni-3425080/	vijest	mjesovito	Dnevno o predstavljanju izgleda stadiona uz napomenu da nisu svi zadovoljni.	da
2026-09-24	dnevno.hr	Rijetki spominju pravi problem oko novog maksimirskog stadiona: Neki krive Bobana, drugi Tomaševića	https://www.dnevno.hr/sport/rijetki-spominju-pravi-problem-oko-novog-maksimirskog-stadiona-neki-krive-bobana-drugi-tomasevica-3425521/	kolumna	mjesovito	Dnevno piše o pravom problemu oko stadiona izvan prozivanja Bobana i Tomaševića.	da
2026-09-24	dnevno.hr	Tomašević o novom Maksimiru: 'Nismo htjeli stadion kao Bayern'	https://www.dnevno.hr/sport/tomasevic-o-novom-maksimiru-nismo-htjeli-stadion-kao-bayern-3425672/	vijest	pro	Tomašević: nismo htjeli stadion kao Bayernov.	da
2026-09-24	dnevno.hr	Zvonimir Boban otkrio detalje o novom stadionu: 'Silna i moćna struktura'	https://www.dnevno.hr/vijesti/zvonimir-boban-otkrio-detalje-o-novom-stadionu-silna-i-mocna-struktura-3425687/	vijest	pro	Boban otkriva detalje i opisuje stadion kao silnu i moćnu strukturu.	da
2026-09-24	facebook.com	3LHD: Our proposal for the new Maksimir Stadium (Facebook)	https://www.facebook.com/3LHD.architects/posts/our-proposal-for-the-new-maksimir-stadiumthe-project-explores-the-potential-of-a/1853817505599752/	natjecateljski-rad	neutralno	Ista objava 3LHD-a na Facebooku.	da
2026-09-24	facebook.com	Marko Dabrović: Maksimir Stadium competition results announced (Facebook)	https://www.facebook.com/marko.dabrovic/posts/the-results-of-the-international-competition-for-the-new-maksimir-stadium-have-b/10244892018498017/	natjecateljski-rad	neutralno	Ista Dabrovićeva objava na Facebooku.	da
2026-09-24	facebook.com	Otto Barić: Eto našeg uratka, malo je drugačiji od pobjednika	https://www.facebook.com/otto.baric.5/posts/28550865257888922	natjecateljski-rad	protiv	Otto Barić objavljuje vizualizacije svog rada uz ironičan komentar da je drugačiji od pobjednika.	da
2026-09-24	facebook.com	P2PA: Wraz z LAN Architecture otrzymaliśmy 5 miejsce (Facebook)	https://www.facebook.com/p2pawroclaw/posts/wraz-z-lan-architecture-otrzymali%C5%9Bmy-5-miejsce-w-konkursie-na-nowy-stadion-maksi/1596282202472530/	natjecateljski-rad	neutralno	Facebook objava P2PA o petoj nagradi zajedno s LAN Architecture.	da
2026-09-24	facebook.com	The winning design for Zagreb's new Maksimir Stadium has been selected (Facebook)	https://www.facebook.com/croatia.week/posts/the-winning-design-for-zagrebs-new-maksimir-stadium-has-been-selected-and-it-com/2080499232897779/	vijest	neutralno	Facebook objava Croatia Weeka s poveznicom na vijest o pobjedničkom radu iz Italije.	snippet
2026-09-24	facebook.com	Urbane ideje: rezultati Arhitektonskog natječaja (Facebook)	https://www.facebook.com/urbane.ideje/posts/1674460161346427	natjecateljski-rad	neutralno	Urbane ideje objavljuju prijedlog izrađen s Kengo Kuma & Associates.	da
2026-09-24	facebook.com	ZAGREB REVEALS THE WINNING DESIGN FOR DINAMO'S NEW STADIUM (Facebook)	https://www.facebook.com/sportsrender/posts/%EF%B8%8F-zagreb-reveals-the-winning-design-for-dinamos-new-stadium-a-major-step-forward/122273249762082495/	vijest	neutralno	Ista objava SportsRendera na Facebooku s rokovima rušenja i gradnje.	da
2026-09-24	facebook.com/DNEVNIK.hr	Idejno rješenje za novi stadion Maksimir	https://www.facebook.com/DNEVNIK.hr/videos/idejno-rje%C5%A1enje-za-novi-stadion-maksimir/2253568782158143/	video	neutralno	Nova TV/Dnevnik.hr prijenos predstavljanja u DAZ-u na Facebooku.	snippet
2026-09-24	facebook.com/SportKlubHrvatska	Boban o novom stadionu Maksimir: 'Sačuvala se duša'	https://www.facebook.com/SportKlubHrvatska/videos/boban-o-novom-stadionu-maksimir-sa%C4%8Duvala-se-du%C5%A1asportklubhrvatska-dinamo-zvonimi/2279342502841609/	video	pro	Sportklub video izjave Zvonimira Bobana u obranu rješenja.	snippet
2026-09-24	forum.bug.hr	Pogledajte kako će izgledati novi Stadion Maksimir (komentari)	https://forum.bug.hr/forum/topic/komentari-clanaka-nasih-web-stranica/pogledajte-kako-izgledati-novi-stadion-maksimir/314527.aspx	forum	mjesovito	Komentari čitatelja ispod Bugova članka o rješenju.	snippet
2026-09-24	forum.hr	Dinamo Zagreb, vol. 12 – sezona 26./27. (str. 298–305)	https://www.forum.hr/showthread.php?t=1404335&page=298	forum	protiv	Navijačka tema: usporedbe s Wildparkom Karlsruhe, program natječaja i podsmjeh gradnji.	snippet
2026-09-24	forum.hr	Hrvatska nogometna liga 2026./2027. (str. 146)	https://www.forum.hr/showthread.php?p=112993477	forum	protiv	Komentari o kiši po gledateljima i Barićevoj izjavi u RTL Direktu.	snippet
2026-09-24	germanijak.hr	'Maksimir na steroidima' na prvu je mnoge šokirao. Ali, priča ima smisla...	https://www.germanijak.hr/nogomet/vijesti/maksimir-na-steroidima-na-prvu-je-mnoge-sokirao-ali-prica-ima-smisla/167364	kolumna	pro	Germanijak: rješenje je na prvu šokiralo, ali priča ima smisla.	da
2026-09-24	germanijak.hr	Boban za RTL o novom stadionu: „To je najbolje rješenje, iz puno razloga, no svatko ima pravo na svoje mišljenje”	https://www.germanijak.hr/nogomet/vijesti/boban-za-rtl-o-novom-stadionu-to-je-najbolje-rjesenje-iz-puno-razloga-no-svatko-ima-pravo-na-svoje-misljenje/167380	vijest	pro	Boban za RTL: najbolje rješenje, ali svatko ima pravo na mišljenje.	da
2026-09-24	glas-slavonije.hr	Izabran projekt novog stadiona Maksimir: Futuristička vizija s 35.000 mjesta trebala bi biti gotova do kraja 2030.	https://www.glas-slavonije.hr/novosti/hrvatska/2026/09/24/izabran-projekt-novog-stadiona-maksimir-futuristicka-vizija-s-35-000-mjesta-trebala-bi-biti-gotova-do-kraja-2030-787523/	vijest	neutralno	Glas Slavonije prenosi da je izabran projekt VG13 s 35.000 mjesta te da se stadion planira otvoriti do kraja 2030.	da
2026-09-24	gnkdinamo.hr	Izabrano idejno rješenje novog Maksimira	https://gnkdinamo.hr/hr/vijesti/izabrano-idejno-rjesenje-novog-maksimira-2	priopcenje	pro	Dinamo predstavlja izabrano idejno rješenje novog Maksimira.	da
2026-09-24	gnkdinamo.hr	Results of the architectural-urban design competition for SRC Svetice – Maksimir Stadium presented	https://gnkdinamo.hr/en/news/predstavljeni-rezultati-arhitektonsko-urbanistickog-natjecaja-za-src-svetice-stadion-maksimir	priopcenje	pro	Dinamo na engleskom objavljuje rezultate natječaja i pobjednički rad.	da
2026-09-24	gnkdinamo.hr	Članska tribina o novom Maksimiru	https://gnkdinamo.hr/hr/vijesti/clanska-tribina-o-novom-maksimiru	priopcenje	neutralno	Dinamo najavljuje člansku tribinu o novom Maksimiru s Bobanom i predsjednikom žirija.	da
2026-09-24	gol.dnevnik.hr	ANKETA Kako vam se sviđa novi Maksimir? Glasajte u anketi	https://gol.dnevnik.hr/clanak/rubrika/nogomet/anketa-kako-vam-se-svidja-novi-maksimir-glasajte-u-anketi---1003589.html	anketa	neutralno	Anketa Gol.hr-a o tome kako se čitateljima sviđa novi Maksimir.	da
2026-09-24	gol.dnevnik.hr	ANKETA Trebaju li građani i navijači imati svoj glas pri odabiru novog stadiona?	https://gol.dnevnik.hr/clanak/rubrika/nogomet/anketa-trebali-li-gradjani-i-navijaci-imati-svoj-glas-kod-odabira-novog-stadiona---1003666.html	anketa	neutralno	Anketa trebaju li građani i navijači imati glas pri odabiru stadiona.	da
2026-09-24	gol.dnevnik.hr	Boban odgovorio na primjedbu o novom stadionu: "Što smo trebali? Nekakvu konfekcijsku tvorevinu?"	https://gol.dnevnik.hr/clanak/rubrika/nogomet/boban-odgovorio-na-primjedbu-o-novom-stadionu-sto-smo-trebali-nekakvu-konfekcijsku-tvorevinu---1003576.html	vijest	pro	Boban odbacuje primjedbe pitajući jesu li trebali konfekcijsku tvorevinu.	da
2026-09-24	gol.dnevnik.hr	FOTO Evo što će sve imati spektakularni Maksimir, ali i dvorana pored njega	https://gol.dnevnik.hr/clanak/rubrika/nogomet/foto-predstavljen-novi-dinamov-stadion-evo-sto-ce-sve-imati-spektakularni-maksimir---1003568.html	galerija	neutralno	Pregled sadržaja novog stadiona i dvorana na Sveticama.	da
2026-09-24	gol.dnevnik.hr	FOTO Ovako će izgledati novi stadion Dinama: ''Ovo smo mi, ovo je naš Maksimir''	https://gol.dnevnik.hr/clanak/rubrika/nogomet/gledajte-uzivo-dinamo-predstavlja-kako-ce-izgledati-novi-stadion-maksimir---1003540.html	galerija	neutralno	Prve fotografije novog stadiona Dinama.	da
2026-09-24	gol.dnevnik.hr	FOTO Poznati hrvatski arhitekt predstavio svoj Maksimir: "Malo je drugačiji od pobjednika..."	https://gol.dnevnik.hr/clanak/rubrika/nogomet/poznati-hrvatski-arhitekt-predstavio-svoj-maksimir-malo-je-drugaciji-od-pobjednika---1003654.html	galerija	protiv	Otto Barić predstavio svoj Maksimir kao drugačiju alternativu.	da
2026-09-24	gol.dnevnik.hr	Novi Maksimir izazvao brojne reakcije, a sada je Dinamo povukao novi potez	https://gol.dnevnik.hr/clanak/rubrika/nogomet/novi-maksimir-izazvao-brojne-reakcije-a-sada-je-dinamo-povukao-novi-potez---1003657.html	vijest	neutralno	Dinamo nakon reakcija poziva članove na tribinu o stadionu.	da
2026-09-24	gol.dnevnik.hr	Novi Maksimir mogao je izgledati potpuno drugačije: Pogledajte četiri projekta koja nisu prošla	https://gol.dnevnik.hr/clanak/rubrika/nogomet/novi-maksimir-mogao-je-izgledati-potpuno-drugacije-pogledajte-cetiri-alternative---1003578.html	galerija	neutralno	Četiri projekta iz najužeg izbora koja nisu pobijedila.	da
2026-09-24	gol.dnevnik.hr	Ovako je Dejan Lovren reagirao na izgled novog Maksimira	https://gol.dnevnik.hr/clanak/rubrika/nogomet/ovako-je-dejan-lovren-reagirao-na-izgled-novog-maksimira---1003653.html	vijest	protiv	Lovren reagirao na izgled novog Maksimira ispod Dinamove objave.	da
2026-09-24	gol.dnevnik.hr	Predstavlja se izgled novog Maksimira: Dinamo se emotivnom porukom oprostio od starog stadiona	https://gol.dnevnik.hr/clanak/rubrika/nogomet/predstavlja-se-izgled-novog-maksimira-dinamo-se-emotivnom-porukom-oprostio-od-starog-stadiona---1003485.html	vijest	neutralno	Najava predstavljanja uz Dinamovu emotivnu oproštajnu poruku.	da
2026-09-24	gol.dnevnik.hr	Tko su Talijani koji su osmislili novi Maksimir? Jedan detalj iz njihova portfolija posebno upada u oči	https://gol.dnevnik.hr/clanak/rubrika/nogomet/tko-su-talijani-koji-su-osmislili-novi-maksimir-jedan-detalj-iz-njihova-portfolija-posebno-upada-u-oci---1003636.html	vijest	neutralno	Profil talijanskih autora i zanimljivosti iz njihova portfelja.	da
2026-09-24	gol.dnevnik.hr	Tomašević o kritikama izgleda novog Maksimira: "Mogli smo imati svoju Allianz Arenu, ali nismo htjeli"	https://gol.dnevnik.hr/clanak/rubrika/nogomet/tomasevic-o-kritikama-izgleda-novog-maksimira-mogli-smo-imati-nasu-allianz-arenu-ali-nismo-htjeli---1003586.html	vijest	pro	Tomašević brani odabir tvrdnjom da nisu htjeli generičku arenu.	da
2026-09-24	gol.dnevnik.hr	VIDEO Boban odgovorio na kritike novog Maksimira, otkrio i što bi se moglo promijeniti	https://gol.dnevnik.hr/clanak/rubrika/nogomet/boban-odgovorio-na-kritike-novog-maksimira-otkrio-i-sto-bi-se-moglo-promijeniti---1003665.html	intervju	pro	Boban i Plejić u Dnevniku Nove TV odgovaraju na kritike i najavljuju moguće promjene.	da
2026-09-24	gol.dnevnik.hr	VIDEO Pitali smo građane što misle o novom Maksimiru, evo što su rekli	https://gol.dnevnik.hr/clanak/rubrika/nogomet/pitali-smo-gradjane-sto-misle-o-novom-maksimiru-evo-sto-su-rekli---1003672.html	video	protiv	Dnevnik Nove TV pitao građane koji nisu oduševljeni novim Maksimirom.	da
2026-09-24	hercegovina.info	Predstavljen novi stadion Maksimir, evo kako će izgledati	https://www.hercegovina.info/sport/nogomet/predstavljen-novi-stadion-maksimir-evo-kako-ce-izgledati/263113/	vijest	neutralno	Hercegovina.info javlja o pobjedničkom radu s 35.000 natkrivenih mjesta.	da
2026-09-24	hrvatska-danas.com	Bauer o novom Maksimiru zvanom Četri laptopa	https://hrvatska-danas.com/2026/09/24/bauer-o-novom-maksimiru-zvanom-cetri-laptopa-vise-pozitivnih-reakcija-dobil-bi-predlog-da-se-stadion-nazove-po-ratku-mladicu/	blog	protiv	Kolumna Thomasa Bauera (bivši BBB) koja ismijava rješenje.	snippet
2026-09-24	index.hr	ANKETA Koji vam se od 5 nagrađenih radova za stadion u Maksimiru najviše sviđa?	https://www.index.hr/sport/clanak/anketa-koji-vam-se-od-5-nagradjenih-radova-za-stadion-u-maksimiru-najvise-svidja/2838345.aspx	anketa	neutralno	Anketa čitatelja o tome koji je od pet nagrađenih radova najbolji.	da
2026-09-24	index.hr	ANKETA Sviđa li vam se novi Maksimir?	https://www.index.hr/sport/clanak/anketa-svidja-li-vam-se-novi-maksimir/2838314.aspx	anketa	neutralno	Anketa čitatelja o tome sviđa li im se dizajn novog Maksimira.	da
2026-09-24	index.hr	ANKETA Vjerujete li da će novi Maksimir biti građen u najavljenim rokovima?	https://www.index.hr/sport/clanak/anketa-vjerujete-li-da-ce-novi-maksimir-biti-gradjen-u-najavljenim-rokovima/2838340.aspx	anketa	neutralno	Anketa o povjerenju u najavljene rokove gradnje novog stadiona.	da
2026-09-24	index.hr	Boban nakon predstavljanja novog Maksimira: Veliko hvala Tomaševiću, pravom dinamovcu	https://www.index.hr/sport/clanak/boban-nakon-predstavljanja-novog-maksimira-veliko-hvala-tomasevicu-pravom-dinamovcu/2838399.aspx	vijest	pro	Boban nakon predstavljanja zahvaljuje Tomaševiću i hvali odabrani projekt.	da
2026-09-24	index.hr	Boban: Ljudi su očekivali generičke konfekcije. Željeli smo poštovati duh i povijest	https://www.index.hr/sport/clanak/boban-neki-kazu-da-novi-maksimir-djeluje-hladno-htjeli-smo-postovati-duh-zagreba/2838462.aspx	intervju	pro	Boban u Dnevniku Nove TV brani rješenje kao poštovanje duha i povijesti Maksimira.	da
2026-09-24	index.hr	Boban: Na početku smo i mi bili iznenađeni radom jer je šokantno jak, silan i moćan	https://www.index.hr/sport/clanak/boban-stadion-na-prvu-moze-djelovati-sirovo-ali-bit-ce-nevjerojatno-komforan/2838479.aspx	intervju	pro	Boban u RTL Danas: rad je šokantno jak, na prvu sirov, ali bit će iznimno komforan.	da
2026-09-24	index.hr	Danas se predstavlja novi Maksimir. Pogledajte kako se Dinamo oprašta od sadašnjeg	https://www.index.hr/sport/clanak/danas-se-predstavlja-novi-maksimir-pogledajte-kako-se-dinamo-oprasta-od-sadasnjeg/2838203.aspx	vijest	neutralno	Dinamo se na dan predstavljanja emotivnom objavom oprašta od starog stadiona.	da
2026-09-24	index.hr	Dinamo organizira javnu tribinu o novom stadionu, dolazi Boban	https://www.index.hr/sport/clanak/dinamo-organizira-javnu-tribinu-o-novom-stadionu-dolazi-boban/2838371.aspx	vijest	neutralno	Dinamo najavljuje javnu tribinu o novom stadionu uz sudjelovanje Bobana.	da
2026-09-24	index.hr	Evo koliko će koštati novi stadion Maksimir	https://www.index.hr/sport/clanak/evo-koliko-ce-kostati-novi-stadion-maksimir/2838467.aspx	vijest	neutralno	Procjena troška novog stadiona od oko 174 milijuna eura uz pretežno negativne reakcije javnosti.	da
2026-09-24	index.hr	FOTO Ovako će izgledati novi Maksimir	https://www.index.hr/sport/clanak/od-1300-pratimo-predstavljanje-novog-dinamovog-stadiona/2838296.aspx	galerija	neutralno	Praćenje predstavljanja i fotografije pobjedničkog rada VG13.	da
2026-09-24	index.hr	Hrvatski arhitekt predstavio svoj Maksimir. Pogledajte kako bi izgledao	https://www.index.hr/sport/clanak/hrvatski-arhitekt-predstavio-svoj-maksimir-pogledajte-kako-bi-izgledao/2838451.aspx	galerija	protiv	Otto Barić mlađi predstavio svoj natječajni prijedlog kao alternativu pobjedniku.	da
2026-09-24	index.hr	Ima li još šanse da se ipak odustane od ovog stadiona?	https://www.index.hr/vijesti/clanak/moze-li-se-srusiti-natjecaj-kojim-je-odabran-novi-maksimir/2838465.aspx	analiza	neutralno	Analiza može li se natječaj poništiti i koji su daljnji koraci.	da
2026-09-24	index.hr	Imaju 34 godine i nikad nisu radili stadion. Sad projektiraju novi Maksimir	https://www.index.hr/vijesti/clanak/tko-su-talijani-koji-su-projektirali-novi-maksimir/2838410.aspx	vijest	neutralno	Portret mladog milanskog studija VG13 koji dosad nije projektirao stadion.	da
2026-09-24	index.hr	Javnost o novom Maksimiru: Poništite natječaj. Ovo je užasno	https://www.index.hr/sport/clanak/javnost-o-novom-maksimiru-pa-ni-dizajner-nije-vjerovao-da-ce-izabrati-ovu-splacinu/2838356.aspx	vijest	protiv	Pregled reakcija javnosti koja traži poništenje natječaja.	da
2026-09-24	index.hr	Javnost zgrožena novim Maksimirom: Hitno peticija protiv ovog rugla. Bobane, sramoto	https://www.index.hr/sport/clanak/javnost-zgrozena-novim-maksimirom-ovo-ne-bih-pozelio-najvecem-neprijatelju/2838447.aspx	vijest	protiv	Komentari čitatelja gotovo potpuno negativni, traži se peticija protiv rješenja.	da
2026-09-24	index.hr	Jesu li moguće promjene dizajna Maksimira? Evo što kaže šef ocjenjivačkog suda	https://www.index.hr/sport/clanak/predsjednik-ocjenjivackog-suda-za-maksimir-svaka-zajednica-bude-sokirana-novostima/2838463.aspx	intervju	pro	Predsjednik ocjenjivačkog suda Toma Plejić o mogućim promjenama dizajna i šoku zajednice.	da
2026-09-24	index.hr	Kae ovo, frende?	https://www.index.hr/sport/clanak/kae-ovo-frende/2838374.aspx	kolumna	protiv	Kolumna ironično propituje dizajn stadiona od 204 milijuna eura.	da
2026-09-24	index.hr	Lovren reagirao na novi Maksimir. Njegov komentar postao hit	https://www.index.hr/sport/clanak/dinamo-objavio-fotografije-novog-maksimira-lovren/2838436.aspx	vijest	protiv	Dejan Lovren kratkim komentarom izrazio razočaranje izgledom novog Maksimira.	da
2026-09-24	index.hr	Ne sviđa vam se novi Maksimir	https://www.index.hr/sport/clanak/ne-svidja-vam-se-novi-maksimir/2838431.aspx	anketa	protiv	Rezultati Indexove ankete pokazuju da se većini čitatelja novi Maksimir ne sviđa.	da
2026-09-24	index.hr	Novi Maksimir ima veliku manu. Doznajemo da postoji rješenje	https://www.index.hr/sport/clanak/novi-maksimir-ima-veliku-manu-doznajemo-da-postoji-rjesenje/2838404.aspx	analiza	mjesovito	Tekst ističe dobre strane projekta, ali i veliku manu otvorenih kutova te moguće rješenje.	da
2026-09-24	index.hr	Pitali smo Bobana zašto novi Maksimir nije zatvoren na kutevima. Evo što je odgovorio	https://www.index.hr/sport/clanak/pitali-smo-bobana-zasto-novi-maksimir-nije-zatvoren-na-kutevima-evo-sto-je-odgovorio/2838387.aspx	intervju	pro	Boban objašnjava zašto novi Maksimir nije zatvoren na kutovima.	da
2026-09-24	index.hr	Pojavile se dvije peticije protiv odabranog rješenja za novi Maksimir	https://www.index.hr/vijesti/clanak/pojavile-se-dvije-peticije-protiv-odabranog-rjesenja-za-novi-maksimir/2838471.aspx	vijest	protiv	Nekoliko sati nakon predstavljanja pokrenute najmanje dvije online peticije protiv rješenja.	da
2026-09-24	index.hr	Tomašević: Mogli smo imati našu Allianz Arenu, ali nismo htjeli	https://www.index.hr/sport/clanak/tomasevic-mogli-smo-imati-nasu-allianz-arenu-ali-nismo-htjeli/2838412.aspx	vijest	pro	Tomašević: mogli smo imati svoju Allianz Arenu, ali htjeli smo nešto autentično.	da
2026-09-24	index.hr	Žiri je odbio ove dizajne Maksimira. Jesu li vam bolji od pobjedničkog?	https://www.index.hr/sport/clanak/ovo-su-dizajni-maksimira-koji-su-izgubili-na-natjecaju-koji-vam-je-najbolji/2838484.aspx	galerija	neutralno	Galerija odbijenih natječajnih radova uz pitanje jesu li bolji od pobjedničkog.	da
2026-09-24	instagram.com	3LHD: Our proposal for the new Maksimir Stadium	https://www.instagram.com/p/DdrYCvxFfDA/	natjecateljski-rad	neutralno	3LHD objavljuje nenagrađeni prijedlog stadiona kao aktivnog javnog prostora, 8.542 lajka.	da
2026-09-24	instagram.com	Degli Esposti Architetti: International Competition for the Maksimir Stadium	https://www.instagram.com/p/Dds2SvwCGHY/	natjecateljski-rad	neutralno	Talijanski Degli Esposti Architetti objavljuju natječajni rad.	da
2026-09-24	instagram.com	GE+arhitekti: Ovako nam je stadion mogao izgledati	https://www.instagram.com/p/DdrLnnbjki8/	natjecateljski-rad	neutralno	GEplus arhitekti objavljuju svoj natječajni rad, 6.438 lajkova i 233 komentara.	da
2026-09-24	instagram.com	IEC Architects + Engineers: Maksimir Stadium & Svetice	https://www.instagram.com/p/Ddrfa6BDtaW/	natjecateljski-rad	neutralno	Egipatski IEC objavljuje prijedlog novog gradskog sportskog parka.	da
2026-09-24	instagram.com	Your home for all things Croatian football (hnl_legends)	https://www.instagram.com/p/DdrMeIVgAnn/	kolumna	protiv	Engleski navijački profil HNL Legends objavljuje vlastitu alternativu stadiona inspiriranu hrvatskom šahovnicom.	da
2026-09-24	instagram.com	ZAGREB REVEALS THE WINNING DESIGN FOR DINAMO'S NEW STADIUM (Instagram)	https://www.instagram.com/p/DdrMiaRgL4e/	vijest	neutralno	Berlinski profil SportsRender objavljuje vizualizacije pobjedničkog rada, 5.051 lajk i 257 komentara.	da
2026-09-24	instagram.com	ZHA: Maksimir Stadium and Svetice Sports & Recreation Centre – a proposal	https://www.instagram.com/p/DdrR35mADzJ/	natjecateljski-rad	neutralno	Zaha Hadid Architects objavljuju svoj nenagrađeni prijedlog gradskog sportskog parka, 9.217 lajkova.	da
2026-09-24	jutarnji.hr	ANKETA Ovo je TOP 5 idejnih rješenja za stadion na Maksimiru. Koji vam je najbolji?	https://www.jutarnji.hr/vijesti/zagreb/vg13-pobjednik-natjecaja-novi-stadion-maksimir-zagreb-15749546	anketa	neutralno	Anketa o najboljem od pet nagrađenih radova.	da
2026-09-24	jutarnji.hr	ANKETA: Sviđa li vam se izgled novog Maksimira?	https://www.jutarnji.hr/sportske/nogomet/novi-maksimir-talijanski-dizajn-otvorene-tribine-vg13-15749542	anketa	neutralno	Anketa Jutarnjeg o tome sviđa li se čitateljima izgled novog Maksimira.	da
2026-09-24	jutarnji.hr	Boban odgovorio na kritike o novom Maksimiru	https://www.jutarnji.hr/sportske/nogomet/novi-stadion-maksimir-pobjednicko-rjesenje-vg13-reakcije-navijaca-15749639	vijest	pro	Boban odgovara na kritike da stadion djeluje hladno.	da
2026-09-24	jutarnji.hr	Boban odgovorio na pitanje o stadionu koje zanima sve navijače Dinama: ‘Što smo trebali?‘	https://www.jutarnji.hr/sportske/nogomet/novi-maksimir-hrabri-dizajn-vg13-boban-brani-otvorene-kuteve-15749559	vijest	pro	Boban odgovara na kritike tvrdeći da je rješenje najbolje za Dinamo.	da
2026-09-24	jutarnji.hr	Boban: Ovo je nešto drugačije, urbano i zagrebačko; Šef ocjenjivačkog suda: Čudo od raspleta događaja!	https://www.jutarnji.hr/vijesti/zagreb/vg13-milano-novi-stadion-maksimir-src-svetice-200-milijuna-otvaranje-2030-15749598	vijest	pro	Boban i Plejić na predstavljanju hvale urbano i zagrebačko rješenje.	da
2026-09-24	jutarnji.hr	Dejan Lovren oglasio se o novom Maksimiru. Nije bila potrebna ni jedna riječ	https://www.jutarnji.hr/sportske/nogomet/lovren-iskazao-razocaranje-novim-stadionom-maksimir-navijaci-negoduju-15749625	vijest	protiv	Lovren bez riječi izrazio razočaranje novim Maksimirom, ankete pokazuju negodovanje.	da
2026-09-24	jutarnji.hr	Dinamo pozvao navijače, Boban će odgovarati na pitanja o Maksimiru	https://www.jutarnji.hr/sportske/nogomet/nogomet-mix/dinamo-tribina-boban-pejic-novi-stadion-maksimir-bunt-navijaca-15749631	vijest	neutralno	Dinamo najavljuje člansku tribinu na kojoj će Boban odgovarati na pitanja o stadionu.	da
2026-09-24	jutarnji.hr	Dinamo se oprašta od Maksimira: ‘...vječno ćeš, tako mlad, ostati u srcu mom‘	https://www.jutarnji.hr/sportske/nogomet/predstavljanje-novog-stadiona-maksimir-dinamo-zagreb-kranjceviceva-15749456	vijest	neutralno	Dinamo se emotivnom porukom oprašta od starog Maksimira na dan predstavljanja.	da
2026-09-24	jutarnji.hr	Dinamova ikona: Baš sam razočaran, izgleda kao kutija iz poznate reklame! Munjaković: Poseban, drukčiji...	https://www.jutarnji.hr/sportske/nogomet/dinamove-legende-podijeljene-oko-novog-maksimira-reakcije-na-dizajn-stadiona-15749659	vijest	mjesovito	Dinamove legende podijeljene su oko novog Maksimira, od razočaranja do oduševljenja.	da
2026-09-24	jutarnji.hr	Doznajemo što je presudilo u odabiru novog stadiona, u žiriju je bilo prijepora...	https://www.jutarnji.hr/sportske/nogomet/iza-kulisa-odabira-novog-maksimira-koji-je-podijelio-navijace-covjek-je-ostao-u-soku-super-ali-mi-tamo-idemo-unatoc-stresu-15749635	analiza	mjesovito	Iza kulisa odabira: u žiriju je bilo prijepora, dio dinamovaca stoji iza izbora.	da
2026-09-24	jutarnji.hr	Evo tko je najveći dobitnik novog Maksimira: Jedna stvar je genijalna, a šutnja o cijeni dvorana budi nemir	https://www.jutarnji.hr/sportske/nogomet/predstavljena-je-jos-jedna-u-28-godina-vec-sedma-vizija-stadiona-u-maksimiru-15749599	analiza	mjesovito	Analiza dobitnika projekta: jedna genijalna stvar, ali nejasna cijena dvorana na Sveticama.	da
2026-09-24	jutarnji.hr	FOTO Objavljeni projekti Maksimira koji nisu prošli! Među njima i radovi svjetski slavnih arhitekata	https://www.jutarnji.hr/vijesti/zagreb/nevidene-vizije-maksimira-objavljeni-odbaceni-projekti-3lhd-proarh-geplus-urbane-ideje-kengo-kuma-15749656	galerija	neutralno	Galerija neodabranih radova, uključujući one svjetski poznatih arhitekata.	da
2026-09-24	jutarnji.hr	FOTO Objavljeno kako će izgledati novi Maksimir	https://www.jutarnji.hr/vijesti/zagreb/prvonagradeni-projekt-novi-stadion-maksimir-i-src-svetice-15749489	galerija	neutralno	Prve fotografije pobjedničkog rješenja novog Maksimira.	da
2026-09-24	jutarnji.hr	Novi Maksimir bit će jeftiniji nego Poljud, stadion u Beogradu višestruko skuplji od oba naša zajedno!	https://www.jutarnji.hr/sportske/nogomet/poznato-je-koliko-ce-kostati-novi-maksimir-a-evo-kako-se-usporeduje-s-ostalim-projektima-15749564	analiza	neutralno	Usporedba troška novog Maksimira s Poljudom i beogradskim stadionom.	da
2026-09-24	jutarnji.hr	Ovo su mladi Talijani koji su pobijedili na natječaju za novi Maksimir. Nikada prije nisu radili stadion	https://www.jutarnji.hr/vijesti/hrvatska/vg13-architects-novi-maksimir-fantini-rossi-zagreb-stadion-uefa-4-15749617	vijest	neutralno	Portret mladih talijanskih arhitekata koji nikada prije nisu projektirali stadion.	da
2026-09-24	jutarnji.hr	Pljušte brutalne reakcije na novi Maksimir: ‘Pa jeste li vi normalni? Užas, najgori od svih predloženih‘	https://www.jutarnji.hr/sportske/nogomet/novi-maksimir-projekt-cetiri-odvojene-tribine-izazvao-kritike-15749540	vijest	protiv	Pregled brutalnih reakcija građana i navijača na odvojene tribine.	da
2026-09-24	jutarnji.hr	Pogledajte što o novom Maksimiru misle čitatelji Jutarnjeg; Na kritike odmah reagirali iz Dinama	https://www.jutarnji.hr/vijesti/zagreb/anketa-83-posto-protiv-pobjednickog-projekta-novog-maksimira-15749634	anketa	protiv	U anketi Jutarnjeg 60 posto od 12.163 čitatelja kaže da im se projekt uopće ne sviđa.	da
2026-09-24	jutarnji.hr	Razgovarali smo sa stručnjacima, dio oštro kritizira novi Maksimir: ‘Dogodilo se jedino što se nije smjelo dogoditi‘	https://www.jutarnji.hr/vijesti/zagreb/maksimir-struka-otvoreni-stadion-urbanizam-arenaski-uzitak-15749620	analiza	mjesovito	Stručnjaci podijeljeni, dio oštro kritizira što stadion nije zatvorena arena.	da
2026-09-24	jutarnji.hr	VIDEO Pitali smo Zagrepčane što misle o novom stadionu, ovo su njihove reakcije	https://www.jutarnji.hr/vijesti/zagreb/novi-stadion-maksimir-vg13-milano-minimalisticki-kompleks-35000-mjesta-radovi-2029-15749605	video	protiv	Video anketa među Zagrepčanima o novom stadionu.	da
2026-09-24	jutarnji.hr	VIDEO Rene Bitorajac narugao se novom Maksimiru. Pogledajte viralnu objavu	https://www.jutarnji.hr/sportske/nogomet/video-rene-bitorajac-narugao-se-novom-maksimiru-pogledajte-viralnu-objavu-15749674	video	protiv	Viralni video Renea Bitorajca kojim se ruga novom Maksimiru.	da
2026-09-24	klix.ba	Pogledajte kako će izgledati novi Maksimir, italijanski studio osvojio glavnu nagradu	https://www.klix.ba/sport/nogomet/pogledajte-kako-ce-izgledati-novi-maksimir-italijanski-studio-osvojio-glavnu-nagradu/260924128	vijest	neutralno	Klix.ba informativno predstavlja pobjednički rad talijanskog studija VG13.	da
2026-09-24	laola1.at	So sieht das neue Stadion von Dinamo Zagreb aus	https://www.laola1.at/de/red/fussball/international/ligen-mix/sonstiges/so-sieht-das-neue-stadion-von-dinamo-zagreb-aus/	vijest	mjesovito	Austrijski LAOLA1 predstavlja pobjednički rad talijanskog ureda i navodi da se navijačima ne sviđa.	da
2026-09-24	linkedin.com	Marko Dabrović: our proposal was not awarded (LinkedIn)	https://www.linkedin.com/posts/markodabrovic_the-results-of-the-international-competition-activity-7508954552520392705-FfTf	natjecateljski-rad	neutralno	Partner 3LHD-a Marko Dabrović dijeli nenagrađeni prijedlog nakon objave rezultata.	da
2026-09-24	linkedin.com	Studio 3LHD: Our proposal for the new Maksimir Stadium (LinkedIn)	https://www.linkedin.com/posts/3lhd_deminutiv-inspekting-tering-activity-7508928803059093504-YuPT	natjecateljski-rad	neutralno	Ista objava 3LHD-a na LinkedInu.	da
2026-09-24	linkedin.com	Urbane ideje d.o.o. (LinkedIn)	https://www.linkedin.com/posts/urbane-ideje-d-o-o-_architecture-nkdinamo-stadium-activity-7508862228138274818-cWEt	natjecateljski-rad	neutralno	LinkedIn objava Urbanih ideja o sudjelovanju s Kengo Kumom.	snippet
2026-09-24	linkedin.com	Vlado Karmelić: Beauty is in the eye of the beholder (LinkedIn)	https://www.linkedin.com/posts/vkarmelic_beauty-is-in-the-eye-of-the-beholder-competitions-activity-7508951825845227520-CJMl	natjecateljski-rad	neutralno	Direktor 3LHD-a dijeli prijedlog studija uz naslov 'ljepota je u oku promatrača'.	snippet
2026-09-24	maxportal.hr	Boban brani novi Maksimir jer ga podsjeća na stari: “To je identitet, ne konfekcija”	https://www.maxportal.hr/sport/boban-brani-novi-maksimir-jer-ga-podsjeca-na-stari-to-je-identitet-ne-konfekcija/	vijest	pro	Boban brani novi Maksimir jer podsjeća na stari: identitet, ne konfekcija.	da
2026-09-24	maxportal.hr	Novi Maksimir izazvao šok i sprdnju: “Užas! Ovo nema veze s Dinamom”	https://www.maxportal.hr/sport/novi-maksimir-izazvao-sok-i-sprdnju-uzas-ovo-nema-veze-s-dinamom/	vijest	protiv	Maxportal prenosi šok i sprdnju javnosti oko novog Maksimira.	da
2026-09-24	maxportal.hr	Pokrenuta peticija da se ovaj Maksimir otkaže	https://www.maxportal.hr/sport/pokrenuta-peticija-da-se-ovaj-maksimir-otkaze/	vijest	protiv	Maxportal: pokrenuta peticija za otkazivanje odabranog rješenja.	da
2026-09-24	mondo.rs	'Maksimir će izazvati strahopoštovanje': Dinamo predstavio najveći projekat u Hrvatskoj	https://mondo.rs/Sport/Fudbal/a2286553/kako-ce-izgledati-novi-maksimir.html	vijest	pro	Mondo prenosi Bobanovu tvrdnju da će stadion biti jedinstven i izazivati strahopoštovanje.	da
2026-09-24	mondo.rs	Hrvatski mediji: 'Maksimir prave 34-godišnjaci koji nikad nisu radili stadion'	https://mondo.rs/Sport/Fudbal/a2286620/arhitekti-novog-maksimira-nikad-nisu-pravili-stadion.html	vijest	mjesovito	Mondo prenosi hrvatske medije koji ističu da autori iz VG13 nikad nisu projektirali stadion.	da
2026-09-24	n1info.hr	FOTO / Pogledajte kako će izgledati novi Dinamov stadion na Maksimiru	https://n1info.hr/vijesti/maksimir-novi-stadion-nk-dinamo-24-09-2026/	galerija	neutralno	N1 fotogalerijom prikazuje kako bi trebao izgledati novi stadion.	da
2026-09-24	n1info.hr	FOTO / Pogledajte projekte novog Maksimira koji nisu prošli, među autorima Otto Barić i slavni Japanac	https://n1info.hr/vijesti/foto-pogledajte-projekte-novog-maksimira-koji-nisu-prosli-medju-autorima-otto-baric-i-slavni-japanac/	galerija	neutralno	N1 prikazuje radove koji nisu prošli, među njima Barićev i rad japanskog arhitekta.	da
2026-09-24	n1info.rs	(FOTO) Novi Maksimir: Izabrano arhitektonsko rešenje za novi stadion Dinama u Zagrebu	https://n1info.rs/sport-klub/fudbal/novi-maksimir-arhitektonsko-resenje	vijest	neutralno	N1 Srbija / Sport klub izvještava o idejnom rješenju i početku gradnje 2029.	da
2026-09-24	nacional.hr	PRVI DONOSIMO Ovo su fotografije novog Maksimira! Boban u čudu: 'Ovo je svemirski brod'. Tomašević odgovorio o...	https://www.nacional.hr/predstavljen-maksimir-tomasevic-i-boban-stigli-na-trg-krece-projekt-novog-stadiona/	vijest	mjesovito	Nacional donosi prve fotografije i Bobanove i Tomaševićeve reakcije.	da
2026-09-24	naslovi.net	Košta 200.000.000 evra: Ovo je najveći sportski projekat Hrvatske	https://naslovi.net/2026-09-24/sport-klub/kosta-200-000-000-evra-ovo-je-najveci-sportski-projekat-hrvatske/42402925	vijest	neutralno	Agregator Naslovi.net prenosi članak Sport kluba o cijeni i rokovima novog Maksimira.	da
2026-09-24	net.hr	Arhitekt Otto Barić o novom stadionu: 'Teško je shvatiti tu brutalističku arhitekturu'	https://net.hr/danas/rtl-direkt/arhitekt-o-stadionu-koji-je-podijelio-javnost-jedan-detalj-smatra-velikom-greskom-501b77b9-b850-11f1-936f-9600040c8f8e	intervju	protiv	Otto Barić u RTL Direktu: teško je shvatiti brutalističku arhitekturu pobjednika.	da
2026-09-24	net.hr	Bivši dinamovac vidio novi Maksimir pa poručio: 'Volio bih vidjeti što su nudili još neki drugi'	https://net.hr/sport/nogomet/sasa-person-komentirao-izgled-novog-maksimira-i-otkrio-sto-bi-volio-vidjeti-cbcda4a2-b83b-11f1-936f-9600040c8f8e	vijest	mjesovito	Saša Peršon želio bi vidjeti i ostale ponude prije konačnog suda.	da
2026-09-24	net.hr	Boban odgovorio na kritike novog Maksimira: 'U početku izgleda sirovo, ali će biti komforan'	https://net.hr/danas/rtl-danas/boban-odgovorio-na-kritike-novog-maksimira-u-pocetku-izgleda-sirovo-ali-ce-biti-komforan-ec95b7cb-b83b-11f1-936f-9600040c8f8e	video	pro	Boban i Plejić u RTL Danas objašnjavaju odabir i odgovaraju na kritike javnosti.	da
2026-09-24	net.hr	Danas predstavljaju izgled novog Dinamovog stadiona: Imat će oko 35.000 mjesta	https://net.hr/sport/nogomet/danas-predstavljaju-izgled-novog-dinamovog-stadiona-imat-ce-oko-35-000-mjesta-7373868f-b7d2-11f1-936f-9600040c8f8e	vijest	neutralno	Najava predstavljanja izgleda novog stadiona s 35.000 mjesta.	da
2026-09-24	net.hr	Dinamo napisao tri riječi o novom Maksimiru	https://net.hr/sport/nogomet/dinamo-o-novom-stadionu-maksimir-16ff0ddb-b81c-11f1-936f-9600040c8f8e	vijest	pro	Dinamo se s tri riječi oglasio odmah nakon objave pobjedničkog rada.	da
2026-09-24	net.hr	Dinamo posvetio emotivnu poruku starom Maksimiru, evo što su napisali	https://net.hr/sport/nogomet/dinamo-se-oprostio-od-stadiona-maksimir-4bc5081f-b7f6-11f1-936f-9600040c8f8e	vijest	neutralno	Dinamo emotivnom porukom oprašta se od starog Maksimira.	da
2026-09-24	net.hr	Građani podijeljeni - struka, Grad i Dinamo oduševljeni: Evo što donosi novi stadion Maksimir	https://net.hr/danas/rtl-danas/gradani-podijeljeni-struka-grad-i-dinamo-odusevljeni-evo-sto-donosi-novi-maksimir-ca7f9038-b833-11f1-936f-9600040c8f8e	video	mjesovito	RTL Danas: građani podijeljeni, a struka, Grad i Dinamo oduševljeni novim stadionom.	da
2026-09-24	net.hr	I Splićani imaju mišljenje o novom Maksimiru: 'Zanimljiv, možda bi bilo dobro da ga opituraju'	https://net.hr/danas/rtl-direkt/i-splicani-imaju-misljenje-o-novom-maksimiru-zanimljiv-mozda-bi-bilo-dobro-da-ga-opituraju-127eedd3-b855-11f1-936f-9600040c8f8e	video	mjesovito	Splićani komentiraju novi Maksimir kao zanimljiv uz savjet da ga oboje.	da
2026-09-24	net.hr	Javnost je ogorčena novim izgledom Maksimira: 'Sramota! Vrijeme je za peticiju'	https://net.hr/sport/nogomet/javnost-ogorcena-novim-izgledom-maksimira-09ed02f4-b813-11f1-936f-9600040c8f8e	vijest	protiv	Javnost ogorčena izgledom i poziva na peticiju.	da
2026-09-24	net.hr	Je li Maksimir mogao izgledati bolje? Pogledajte spektakularna rješenja koja nisu pobijedila	https://net.hr/sport/nogomet/kako-je-mogao-izgledati-novi-maksimir-pogledajte-projekte-koji-nisu-pobijedili-9014428a-b857-11f1-936f-9600040c8f8e	galerija	neutralno	Galerija neprolaznih rješenja uz pitanje je li Maksimir mogao izgledati bolje.	da
2026-09-24	net.hr	Legenda o Maksimiru: 'Na prvu katastrofa, žao mi je što nije prošao hrvatski arhitekt'	https://net.hr/sport/nogomet/dubravko-simenc-o-novom-maksimiru-na-prvu-mi-je-katastrofa-225af5c2-b837-11f1-936f-9600040c8f8e	intervju	protiv	Dubravko Šimenc: novi Maksimir na prvu mu je katastrofa.	da
2026-09-24	net.hr	Lovrenov komentar na novi stadion je hit: Upravo ovako je reagirala većina Zagrepčana	https://net.hr/sport/nogomet/lovrenov-komentar-na-novi-stadion-je-hit-upravo-ovako-je-reagirala-vecina-zagrepcana-ff945d3b-b855-11f1-936f-9600040c8f8e	vijest	protiv	Lovrenova reakcija na novi stadion odražava negodovanje Zagrepčana.	da
2026-09-24	net.hr	Ovako će izgledati novi Maksimir: Pogledajte fotografije budućeg stadiona	https://net.hr/sport/nogomet/ovako-ce-izgledati-novi-stadion-maksimir-1f93dc4b-b80f-11f1-936f-9600040c8f8e	galerija	neutralno	Fotografije pobjedničkog projekta novog Maksimira.	da
2026-09-24	net.hr	Pogledajte kakav je Maksimir predlagao i dizajnirao hrvatski arhitekt: 'Malo je drugačiji'	https://net.hr/sport/nogomet/pogledajte-kakav-je-maksimir-predlagao-i-dizajnirao-hrvatski-arhitekt-malo-je-drugaciji-308a503e-b83e-11f1-936f-9600040c8f8e	galerija	protiv	Otto Barić mlađi predstavio vlastiti natječajni prijedlog.	da
2026-09-24	net.hr	Predstavljen izgled novog Maksimira. Boban: 'Sačuvala se duša starog stadiona'	https://net.hr/sport/nogomet/uzivo-predstavljanje-9ea05791-b7fd-11f1-936f-9600040c8f8e	video	pro	Prijenos predstavljanja u kojem Boban kaže da se sačuvala duša starog stadiona.	da
2026-09-24	net.hr	Tko su arhitekti novog Maksimira? Milanski studio dosad nije projektirao nijedan veliki stadion	https://net.hr/danas/vijesti/tko-su-arhitekti-novog-maksimira-mladi-milanski-studio-dosad-nije-projektirao-nijedan-veliki-stadion-d808ef4e-b824-11f1-936f-9600040c8f8e	vijest	neutralno	Profil studija VG13 koji dosad nije projektirao velik stadion.	da
2026-09-24	nogomania.com	Je to kartonasta škatla? Dinamo Zagreb ima zasnovo za 'najboljši stadion v regiji', toda reakcije so negativne	https://www.nogomania.com/Novica/Je-to-kartonasta-skatla-Dinamo-Zagreb-ima-zasnovo-za-najboljsi-stadion-v-regiji-toda-reakcije-so-negativne	vijest	protiv	Nogomania pita je li stadion kartonska kutija i navodi da su reakcije negativne zbog jednostavnosti.	da
2026-09-24	nova.rs	FOTO Evo kako će izgledati novi Maksimir: Projekat vredan 204 miliona evra	https://nova.rs/sport/fudbal/foto-evo-kako-ce-izgledati-novi-maksimir-projekat-vredan-204-miliona-evra	vijest	neutralno	Nova.rs opisuje pobjednički rad i sadržaje kompleksa na 23 hektara.	da
2026-09-24	novilist.hr	Poznat pobjednik natječaja za stadion Maksimir i SRC Svetice	https://www.novilist.hr/novosti/hrvatska/poznat-pobjednik-natjecaja-za-stadion-maksimir-i-src-svetice/	vijest	neutralno	Novi list: poznat pobjednik natječaja za stadion Maksimir i SRC Svetice.	da
2026-09-24	peticije.hr	Peticija za povlačenje odabranog arhitektonskog rješenja za Stadion Maksimir (#143)	https://peticije.hr/inicijativa/0/peticija/143/stadion-maksimir	peticija	protiv	Opoziv izbora rješenja, upućeno HNS-u, Dinamu, Gradu i Vladi; 29.788 potpisa od cilja 100.000 (28.9.).	da
2026-09-24	peticijeonline.com	NE! gradnji stadiona u Maksimiru po postojećem rješenju	https://www.peticijeonline.com/ne_gradnji_stadiona_u_maksimiru_po_postojeem_rjeenju	peticija	protiv	Autor Lovro Naglić (Podcast 8_24) traži obustavu i preispitivanje projekta; 3.581 potpis od cilja 10.000 (28.9.).	da
2026-09-24	podcast:Zona Dinamo Podcast	Zona Dinamo Podcast - Novi Maksimir	https://www.youtube.com/watch?v=6vuMoXhUlQI	podcast	protiv	Zona Dinamo Podcast analizira dizajn novog Maksimira (25.256 pregleda 28.9.).	da
2026-09-24	podcast:Čakule podcast	Novi Maksimir: Remek-djelo ili bačen novac? Recite nam uživo!	https://www.youtube.com/watch?v=BYjQPygCQ7c	podcast	mjesovito	Čakule podcast uživo: „Remek-djelo ili bačen novac?” (4.587 pregleda 28.9.).	da
2026-09-24	poslovni.hr	FOTO: Predstavljen novi stadion Maksimir, evo kako će izgledati	https://www.poslovni.hr/nekretnine/foto-predstavljen-novi-stadion-maksimir-evo-kako-ce-izgledati-4556392	galerija	neutralno	Poslovni dnevnik fotogalerijom predstavlja novi stadion.	da
2026-09-24	racin.mk	ФОТО: Конечно го покажаа новиот дом на Динамо, вака ќе изгледа Максимир од 204 милиони евра	https://racin.mk/region/foto-konechno-go-pokazhaa-noviot-dom-na-dinamo-vaka-ke-izgleda-maksimir-od-204-milioni-evra/	vijest	neutralno	Racin.mk donosi fotografije pobjedničkog rješenja i procjenu od 204 milijuna eura.	da
2026-09-24	radio.hrt.hr	I to smo dočekali, objavljen izgled novog Maksimira	https://radio.hrt.hr/radio-sljeme/vijesti/objavljen-izgled-novog-maksimira-12923834	vijest	neutralno	Radio Sljeme izvještava o objavi izgleda novog Maksimira.	da
2026-09-24	reddit.com	I want an opinion by actual architects: new stadium in Zagreb	https://www.reddit.com/r/architecture/comments/1wp5faw/i_want_an_opinion_by_actual_architects_new/	kolumna	mjesovito	Rasprava na r/architecture u kojoj korisnik traži stručno mišljenje o pobjedničkom radu.	snippet
2026-09-24	reddit.com	Winning project for a new stadium in Zagreb, Croatia	https://www.reddit.com/r/stadiumporn/comments/1wp8uck/winning_project_for_a_new_stadium_in_zagreb/	kolumna	mjesovito	Rasprava na r/stadiumporn o pobjedničkom projektu novog Maksimira.	snippet
2026-09-24	reddit:croatia	FOTO Ovako će izgledati novi stadion Dinama: ''Ovo smo mi, ovo je naš Maksimir''...	https://www.reddit.com/r/croatia/comments/1wp16yc/foto_ovako_će_izgledati_novi_stadion_dinama_ovo/	reddit	mjesovito	Objava u r/croatia; poveznica ili slika bez teksta	da
2026-09-24	reddit:croatia	Imaju 34 godine i nikad nisu radili stadion. Sad projektiraju novi Maksimir	https://www.reddit.com/r/croatia/comments/1wp4xnb/imaju_34_godine_i_nikad_nisu_radili_stadion_sad/	reddit	protiv	Objava u r/croatia; poveznica ili slika bez teksta	da
2026-09-24	reddit:dinamo	Ajmo neku konkretnu peticiju i da nas što više potpiše, jer ova farsa nam nije trebala.	https://www.reddit.com/r/dinamo/comments/1wp71j1/ajmo_neku_konkretnu_peticiju_i_da_nas_što_više/	reddit	protiv	Objava u r/dinamo: 🚨 DOZNAJEMO: NOVE INFORMACIJE OKO NOVOG MAKSIMIRA. Kako nam je rečeno, budući da Dinamo sam ne gradi stadion, u cijeli projekt uključene su…	da
2026-09-24	reddit:dinamo	Peticija za novi arhitektonski natječaj.	https://www.reddit.com/r/dinamo/comments/1wp4ya4/peticija_za_novi_arhitektonski_natječaj/	reddit	protiv	Objava u r/dinamo: Pozdrav svima, Htio bih samo podijeliti peticiju za raspisivanje novog arhitektonskog natječaja, pa ako mislite da bi maksimir trebao izgl…	da
2026-09-24	reddit:dinamo	Predstavljen novi Maksimir...	https://www.reddit.com/r/dinamo/comments/1woz7d8/predstavljen_novi_maksimir/	reddit	mjesovito	Objava u r/dinamo; poveznica ili slika bez teksta	da
2026-09-24	reddit:soccer	Dinamo Zagreb New Stadium Design Unveiled.	https://www.reddit.com/r/soccer/comments/1wp0sci/dinamo_zagreb_new_stadium_design_unveiled/	reddit	mjesovito	Objava rezultata na r/soccer (međunarodna publika).	da
2026-09-24	reddit:zagreb	Peticija za Maksimir	https://www.reddit.com/r/zagreb/comments/1wp5vhx/peticija_za_maksimir/	reddit	protiv	Objava u r/zagreb; objava je uklonjena	da
2026-09-24	reddit:zagreb	Peticija za povlačenje odabranog arhitektonskog rješenja za Stadion Maksimir – potpišite	https://www.reddit.com/r/zagreb/comments/1wpantu/peticija_za_povlačenje_odabranog_arhitektonskog/	reddit	protiv	Objava u r/zagreb; poveznica ili slika bez teksta	da
2026-09-24	reddit:zagreb	Stadion Maksimir - rješenje 3LHD	https://www.reddit.com/r/zagreb/comments/1wpa7gj/stadion_maksimir_rješenje_3lhd/	reddit	protiv	Objava u r/zagreb; poveznica ili slika bez teksta	da
2026-09-24	reddit:zagreb_no1	Novi stadion	https://www.reddit.com/r/zagreb_no1/comments/1wpgjh0/novi_stadion/	reddit	protiv	Objava u r/zagreb_no1: 2020. godina potres i pandemija i bolnički sustav pred kolapsom. Šalata - zgrada iz vremena Austro-Ugarske potpuno neupotrebljiva nakon po…	da
2026-09-24	reddit:zagreb_no1	Peticija za povlačenje odabranog arhitektonskog rješenja za Stadion Maksimir – potpišite	https://www.reddit.com/r/zagreb_no1/comments/1wpak64/peticija_za_povlačenje_odabranog_arhitektonskog/	reddit	protiv	Objava u r/zagreb_no1; poveznica ili slika bez teksta	da
2026-09-24	rts.rs	Predstavljen izgled novog stadiona 'Maksimir' u Zagrebu	https://www.rts.rs/sport/fudbal/6047831/predstavljen-izgled-novog-stadiona-maksimir-u-zagrebu-dinamo.html	vijest	neutralno	RTS javlja da je pobijedio talijanski studio iz Milana i da je nagrada 390.400 eura.	da
2026-09-24	rtvslo.si	Novi stadion Maksimir 'ne bo ogromna križarka in ne bo vesoljska ladja'	https://www.rtvslo.si/kultura/arhitektura-in-oblikovanje/novi-stadion-maksimir-ne-bo-ogromna-krizarka-in-ne-bo-vesoljska-ladja/794788	vijest	pro	RTV SLO u kulturnoj rubrici prenosi Bobanovu pohvalu da projekt poštuje povijest Maksimira.	da
2026-09-24	siol.net	Premiki v Zagrebu: takole bo izgledal novi Maksimir	https://siol.net/sportal/nogomet/novi-zagrebski-nogometni-stadion-bodo-gradili-po-idejni-resitvi-italijanskih-arhitektov-702316	vijest	neutralno	Siol javlja da se novi stadion gradi po idejnom rješenju talijanskih arhitekata.	da
2026-09-24	skyscrapercity.com	[Zagreb] Novi stadion na Maksimiru, kapacitet 35.000	https://www.skyscrapercity.com/threads/zagreb-novi-stadion-na-maksimiru-kapacitet-35-000.2434150/	forum	mjesovito	Dugogodišnja tema entuzijasta za gradnju o novom Maksimiru; datum je dan objave rezultata, ne otvaranja teme.	snippet
2026-09-24	slobodenpecat.mk	FOTO | Ecco come sarà il nuovo Maksimir: lo stadio avrà capacità di 35.000 posti	https://www.slobodenpecat.mk/it/foto-eve-kako-kje-izgleda-noviot-maksimir-stadionot-kje-ima-kapacitet-od-35-000-sedishta/	vijest	neutralno	Sloboden Pečat (talijanska inačica) prikazuje izgled novog Maksimira od 35.000 mjesta (datum približan).	snippet
2026-09-24	slobodnadalmacija.hr	FOTO Otkriveno kako će izgledati novi Maksimir	https://slobodnadalmacija.hr/sport/domaci-nogomet/maksimir-1580681	galerija	neutralno	Slobodna Dalmacija objavljuje fotografije pobjedničkog rješenja.	da
2026-09-24	slobodnadalmacija.hr	Objavljeni projekti Maksimira koji nisu prošli! Razna su rješenja, među njima i radovi svjetski slavnih arhitekata	https://slobodnadalmacija.hr/sport/vise-od-sporta/objavljeni-projekti-maksimira-koji-nisu-prosli-nisu-odabrana-rjesenja-medu-njima-i-radovi-svjetski-slavnih-arhitekata-1580757	galerija	neutralno	Slobodna Dalmacija objavljuje radove koji nisu prošli, među njima i svjetski poznatih arhitekata.	da
2026-09-24	slobodnadalmacija.hr	Pljušte brutalne reakcije građana i navijača na izgled Maksimira: ‘Pa jeste li vi normalni? Što su šegrti radili...?“	https://slobodnadalmacija.hr/sport/domaci-nogomet/pljuste-brutalne-reakcije-gradana-i-navijaca-na-izgled-maksimira-pa-jeste-li-vi-normalni-sto-su-segrti-radili-1580726	vijest	protiv	Slobodna Dalmacija prenosi oštre reakcije građana i navijača na izgled stadiona.	da
2026-09-24	slobodnadalmacija.hr	Zvonimir Boban odgovorio na kritike o Maksimiru: ‘Kad se ispuni ljudima djelovat će toplo i bit će paklena atmosfera‘	https://slobodnadalmacija.hr/sport/domaci-nogomet/zvonimir-boban-odgovorio-na-kritike-o-maksimiru-kad-se-ispuni-ljudima-djelovat-ce-toplo-i-bit-ce-paklena-atmosfera-1580752	vijest	pro	Boban odgovara kritičarima da će stadion pun ljudi djelovati toplo i paklenog ugođaja.	da
2026-09-24	sport.hrt.hr	ANKETA Predstavljen novi izgled stadiona Maksimir	https://sport.hrt.hr/hrvatski-nogomet/predstavljanje-izgleda-novog-maksimira-12923504	anketa	neutralno	HRT Sport predstavlja novi izgled stadiona i otvara anketu čitatelja.	da
2026-09-24	sport.hrt.hr	Boban za HRT: Stadion će biti puno bolji nego što ljudi očekuju	https://sport.hrt.hr/hrvatski-nogomet/boban-o-rjesenju-za-maksimir-siguran-sam-da-ce-ljudi-s-vremenom-shvatiti-ideju-12924027	intervju	pro	Boban za HRT tvrdi da će stadion biti bolji nego što ljudi očekuju.	da
2026-09-24	sportal.bg	Динамо (Загреб) представи проекта си за нов стадион	https://sportal.bg/news-2026092415080952118	vijest	neutralno	Bugarski Sportal javlja da je Dinamo predstavio projekt novog stadiona na mjestu Maksimira.	da
2026-09-24	sportarena.rs	Ovako će ubuduće izgledati stadion na kojem su Zvezda i Partizan igrali legendarne utakmice	https://sportarena.rs/fudbal/68947/ovako-ce-ubuduce-izgledati-stadion-na-kojem-su-zvezda-i-partizan-igrali-legendarne-utakmice/	vijest	neutralno	Sport Arena prenosi Telegrafov tekst o pobjedničkom radu.	da
2026-09-24	sportklub.hr	ANKETA / Kako vam se sviđa novi stadion Maksimir?	https://sportklub.hr/nogomet/anketa-kako-vam-se-svida-novi-stadion-maksimir/	anketa	neutralno	Sportklub anketom pita čitatelje kako im se sviđa novi stadion.	da
2026-09-24	sportklub.hr	Boban o novom stadionu Dinama: 'Ovo je futuristički Maksimir koji je sačuvao dušu našeg doma'	https://sportklub.hr/nogomet/boban-o-novom-stadionu-dinama-ovo-je-futuristicki-maksimir-koji-je-sacuvao-dusu-naseg-doma/	vijest	pro	Boban: futuristički Maksimir koji je sačuvao dušu Dinamova doma.	da
2026-09-24	sportklub.hr	Evo kada bi trebao biti otvoren novi Dinamov stadion u Maksimiru	https://sportklub.hr/nogomet/evo-kada-bi-trebao-biti-otvoren-novi-dinamov-stadion-u-maksimiru/	vijest	neutralno	Sportklub: novi stadion trebao bi biti otvoren krajem 2030.	da
2026-09-24	sportklub.hr	Evo koliko bi mogla koštati izgradnja novog Maksimira	https://sportklub.hr/nogomet/evo-koliko-bi-mogla-kostati-izgradnja-novog-maksimira/	vijest	neutralno	Sportklub o procijenjenoj cijeni izgradnje novog Maksimira.	da
2026-09-24	sportklub.hr	Objavljeno kako će izgledati novi Dinamov stadion Maksimir!	https://sportklub.hr/nogomet/objavljeno-kako-ce-izgledati-novi-maksimir/	vijest	neutralno	Sportklub objavljuje prve prikaze novog stadiona.	da
2026-09-24	sportnet.hr	Boban o kritikama novog Maksimira: 'Ovisi kako ga tko doživljava'	https://sportnet.hr/vijesti/nogomet-supersport-hnl/boban-o-kritikama-novog-maksimira-ovisi-kako-ga-tko-dozivljava/632433/	vijest	pro	Boban o kritikama: ovisi kako ga tko doživljava.	da
2026-09-24	sportnet.hr	Predstavljeno idejno rješenje novog Maksimira, milanski studio i talijanski arhitekti odnijeli pobjedu	https://sportnet.hr/vijesti/nogomet-supersport-hnl/predstavljeno-idejno-rjesenje-novog-maksimira-milanski-studio-i-talijanski-arhitekti-odnijeli-pobjedu/632416/	vijest	neutralno	Predstavljeno idejno rješenje milanskog studija VG13 među 88 radova.	da
2026-09-24	stadion-maksimir.zagreb.hr	Rezultati natječaja	https://stadion-maksimir.zagreb.hr/hr/rezultati-natjecaja-128/128	sluzbeno	pro	Službena stranica natječaja objavljuje rezultate: 88 radova, prva nagrada VG13 Architects (Milano) te ostalih četiri nagrađena rada s panelima.	da
2026-09-24	stadion-maksimir.zagreb.hr	Rezultati natječaja (izbornik s radovima)	https://stadion-maksimir.zagreb.hr/hr/rezultati-natjecaja-130/130	sluzbeno	neutralno	Stranica rezultata s nagrađenim radovima i dokumentima.	da
2026-09-24	telegraf.rs	Ovako će ubuduće izgledati stadion na kojem su Zvezda i Partizan igrali legendarne utakmice	https://www.telegraf.rs/sport/fudbal/4402713-ovako-ce-ubuduce-izgledati-stadion-na-kojem-su-zvezda-i-partizan-igrali-legendarne-utakmice	vijest	neutralno	Telegraf predstavlja pobjednički rad uz podsjećanje na derbije Zvezde i Partizana na Maksimiru.	da
2026-09-24	telegram.hr	Boban kaže da mu je novi Maksimir fora: ‘Ljudi su vjerojatno očekivali generičku konfekciju’	https://www.telegram.hr/vijesti/bobanu-kaze-da-je-novi-maksimir-briljantan-ljudi-su-vjerojatno-ocekivali-genericku-konfekciju/	vijest	pro	Boban hvali rješenje i kaže da su ljudi očekivali generičku konfekciju.	da
2026-09-24	telegram.hr	Boban o novom Maksmiru: 'Izaziva strahopoštovanje, to smo mi'	https://www.telegram.hr/telesport/na-prvu/boban-o-dizajnu-novog-maksimira-strme-tribine-izazivat-ce-strahopostovanje-sjever-ostaje-svoj-ovo-smo-mi/	vijest	pro	Boban: strme tribine izazivat će strahopoštovanje, sjever ostaje svoj.	da
2026-09-24	telegram.hr	Dejan Lovren pridružio se kritikama novog Maksimira	https://www.telegram.hr/telesport/na-prvu/dejan-lovren-pridruzio-se-kritikama-novog-maksimira-oglasio-se-ispod-dinamove-objave/	vijest	protiv	Dejan Lovren pridružio se kritikama ispod Dinamove objave.	da
2026-09-24	telegram.hr	Dinamo pozvao članove na tribinu o novom Maksimiru: Predstavit će pobjednički projekt	https://www.telegram.hr/telesport/na-prvu/dinamo-organizira-tribinu-o-novom-maksimiru-boban-i-predsjednik-ocjenjivackog-suda-odgovarat-ce-na-pitanja-clanova/	vijest	neutralno	Dinamo poziva članove na tribinu na kojoj će se predstaviti pobjednički projekt.	da
2026-09-24	telegram.hr	Na dan objave dizajna novog Maksimira, Dinamo dao malu posvetu starom	https://www.telegram.hr/telesport/na-prvu/danas-cemo-saznati-kako-ce-izgledati-novi-maksimir-a-dinamo-je-objavio-malu-posvetu-ovom-sadasnjem/	vijest	neutralno	Na dan objave dizajna Dinamo objavio posvetu starom Maksimiru.	da
2026-09-24	telegram.hr	Novi Maksimir trpi kritike. Tomašević: ‘Kad ga vidiš, da možeš reći - to je Dinamo, to je Zagreb’	https://www.telegram.hr/vijesti/izgled-novog-maksimira-izaziva-kritike-tomasevic-ga-brani-kad-ga-vidis-da-mozes-reci-to-je-dinamo-to-je-zagreb/	vijest	pro	Tomašević brani novi Maksimir kao prepoznatljivo zagrebački i dinamovski.	da
2026-09-24	telegram.hr	Odabran pobjednički dizajn, ovako bi trebao izgledati novi Maksimir	https://www.telegram.hr/telesport/na-prvu/foto-ovako-bi-trebao-izgledati-novi-maksimir-odabran-je-pobjednicki-dizajn/	vijest	neutralno	Telegram: odabran pobjednički dizajn novog Maksimira.	da
2026-09-24	telegram.hr	Pokrenute dvije peticije, tisuće potpisuju da se odustane od odabranog izgleda Maksimira	https://www.telegram.hr/politika-kriminal/pokrenute-dvije-peticije-protiv-novog-maksimira-tisuce-potpisuju-da-se-odustane-od-odabranog-izgleda-stadiona/	vijest	protiv	Telegram: dvije peticije protiv novog Maksimira skupljaju tisuće potpisa.	da
2026-09-24	telegram.hr	Predsjednik Ocjenjivačkog suda odgovorio na kritike novog Maksimira	https://www.telegram.hr/telesport/na-prvu/predsjednik-ocjenjivackog-suda-o-novom-maksimiru-sve-vazne-gradevine-prolazile-su-kroz-turbulencije/	vijest	pro	Predsjednik ocjenjivačkog suda odgovara na kritike: sve važne građevine prolazile su turbulencije.	da
2026-09-24	telegram.hr	Tomašević otkrio detalje i rokove za novi Maksimir	https://www.telegram.hr/telesport/na-prvu/gradonacelnik-tomislav-tomasevic-otkrio-je-neke-detalje-o-novom-maksmiru-kao-i-rokove-izgradnje/	vijest	neutralno	Tomašević iznosi detalje i rokove za novi Maksimir.	da
2026-09-24	telegram.hr	Čini se da novi Maksimir ipak nije gotova stvar, navodno je moguć novi postupak	https://www.telegram.hr/telesport/na-prvu/cini-se-da-novi-maksimir-ipak-nije-gotova-stvar-navodno-je-moguc-novi-postupak/	vijest	mjesovito	Telegram prenosi da novi Maksimir navodno nije gotova stvar i da je moguć novi postupak.	da
2026-09-24	top-kladionice.rs	Maksimir: projekat za 200.000.000 evra	https://top-kladionice.rs/news/maksimir-projekat-za-200-000-000-evra-01a0d570	vijest	neutralno	Srpski portal Top-Kladionice javlja o odobrenom konceptu stadiona od 35.000 mjesta.	da
2026-09-24	tportal.hr	Boban o novom Maksimiru: 'Ovo smo mi. Nikome tu neće biti lako igrati'	https://www.tportal.hr/sport/clanak/boban-o-novom-maksimiru-ovo-smo-mi-nikome-tu-nece-biti-lako-igrati-20260924	vijest	pro	Boban na predstavljanju: ovo smo mi, nikome tu neće biti lako igrati.	da
2026-09-24	tportal.hr	Boban odgovorio na kritike novog Maksimira: 'Neki kažu da djeluje hladno, ali kad se napuni ljudima, bit će topao'	https://www.tportal.hr/sport/clanak/boban-odgovorio-na-kritike-novog-maksimira-neki-kazu-da-djeluje-hladno-ali-kad-se-napuni-ljudima-bit-ce-topao-20260924	vijest	pro	Boban tvrdi da će stadion pun ljudi biti topao iako prazan djeluje hladno.	da
2026-09-24	tportal.hr	Dinamo se oglasio povodom novog Maksimira: Napisali su samo tri riječi	https://www.tportal.hr/sport/clanak/dinamo-se-oglasio-povodom-novog-maksimira-napisali-su-samo-tri-rijeci-20260924	vijest	pro	Dinamo se o novom Maksimiru oglasio s tri riječi podrške.	da
2026-09-24	tportal.hr	FOTO Kako vam se sviđa novi Maksimir? Glasajte u anketi	https://www.tportal.hr/vijesti/clanak/foto-kako-vam-se-svida-novi-maksimir-glasajte-u-anketi-foto-20260924	anketa	neutralno	Anketa tportala o tome sviđa li se čitateljima novi Maksimir.	da
2026-09-24	tportal.hr	FOTO Ovako je Maksimir zamislio poznati hrvatski arhitekt: 'Malo je drugačiji od pobjednika...'	https://www.tportal.hr/kultura/clanak/foto-ovako-je-maksimir-zamislio-poznati-hrvatski-arhitekt-malo-je-drugaciji-od-pobjednika-20260924	galerija	protiv	Otto Barić predstavio svoju verziju stadiona drugačiju od pobjednika.	da
2026-09-24	tportal.hr	FOTO Ovi stadioni nisu prošli: Sviđaju li vam se više od prvonagrađenog?	https://www.tportal.hr/vijesti/clanak/foto-ovi-stadioni-nisu-prosli-pogledajte-kako-je-sve-mogao-izgledati-novi-maksimir-foto-20260924	galerija	neutralno	Galerija neprolaznih rješenja uz usporedbu s prvonagrađenim.	da
2026-09-24	tportal.hr	FOTO Pogledajte kako su Urbane ideje i slavni japanski arhitekti zamislili novi Maksimir	https://www.tportal.hr/kultura/clanak/foto-pogledajte-kako-su-urbane-ideje-i-slavni-japanski-arhitekti-zamislili-novi-maksimir-foto-20260924	galerija	neutralno	Rad Urbanih ideja s poznatim japanskim arhitektima za novi Maksimir.	da
2026-09-24	tportal.hr	Hoće li Boban popustiti pod pritiskom navijača oko izbora stadiona? Evo što je odgovorio predsjednik Dinama	https://www.tportal.hr/sport/clanak/hoce-li-boban-popustiti-pod-pritiskom-navijaca-oko-izbora-stadiona-evo-sto-je-odgovorio-predsjednik-dinama-20260924	vijest	pro	Boban odgovara da neće popustiti pod pritiskom navijača.	da
2026-09-24	tportal.hr	Lovren vidio novi Maksimir i nije napisao ni riječ: Oglasio se i bivši Dinamov igrač, njegov potez sve je rekao	https://www.tportal.hr/sport/clanak/lovren-vidio-novi-maksimir-i-nije-napisao-ni-rijec-oglasio-se-i-bivsi-dinamov-igrac-njegov-potez-sve-je-rekao-20260924	vijest	protiv	Lovren i bivši Dinamov igrač bez riječi iskazali neslaganje s projektom.	da
2026-09-24	tportal.hr	Maksimir ide u ruke mladih Talijana: Evo što se zna o njima	https://www.tportal.hr/kultura/clanak/maksimir-ide-u-ruke-mladih-talijana-evo-sto-se-zna-o-njima-foto-20260924	vijest	neutralno	Profil mladih talijanskih arhitekata iz studija VG13.	da
2026-09-24	tportal.hr	Navijači Dinama zgroženi novim Maksimirom: 'Što je ovo? Nadam se da se neće izgraditi'	https://www.tportal.hr/sport/clanak/navijaci-dinama-zgrozeni-novim-maksimirom-sto-je-ovo-nadam-se-da-se-nece-izgraditi-20260924	vijest	protiv	Navijači Dinama zgroženi novim Maksimirom.	da
2026-09-24	tportal.hr	Novi Maksimir čitatelje tportala nije oborio s nogu: Evo kako ste glasali u anketama	https://www.tportal.hr/vijesti/clanak/novi-maksimir-citatelje-tportala-nije-oborio-s-nogu-evo-kako-ste-glasali-u-anketama-foto-20260924	anketa	protiv	Rezultati anketa tportala: pobjedničko rješenje čitatelje nije oduševilo.	da
2026-09-24	tportal.hr	Novi stadion u Maksimiru radit će se po projektu arhitekata iz Milana: Bit će ikoničan	https://www.tportal.hr/vijesti/clanak/uskoro-cemo-doznati-kako-ce-izgledati-novi-stadion-u-maksimiru-20260924	vijest	neutralno	Vijest o pobjedi milanskih arhitekata i ikoničnosti budućeg stadiona.	da
2026-09-24	tportal.hr	Tomašević o novom Maksimiru: 'Mogli smo imati našu Allianz Arenu, ali nismo htjeli'	https://www.tportal.hr/vijesti/clanak/tomasevic-o-novom-maksimiru-mogli-smo-imati-nasu-allianz-arenu-ali-nismo-htjeli-20260924	vijest	pro	Tomašević: mogli smo imati Allianz Arenu, ali nismo htjeli.	da
2026-09-24	tvorzi.com	Maksimir Stadium Competition Entry — Zagrebački greben (TVORZI)	https://tvorzi.com/en/projects/maksimir-stadium-zagreb/	natjecateljski-rad	neutralno	TVORZI na svom webu objavljuje rad 'Zagrebački greben' s kompletnim panelima i vizualizacijama.	da
2026-09-24	vecernji.hr	'Kao da su ga hajdukovci crtali za Dinamo': Provjerili smo što ljudi na mrežama misle o novom Maksimiru	https://www.vecernji.hr/sport/kao-da-su-ga-hajdukovci-crtali-za-dinamo-provjerili-smo-sto-navijaci-misle-o-novom-maksimiru-1998218	vijest	protiv	Pregled reakcija na mrežama, uz komentar da ga kao da su crtali hajdukovci.	da
2026-09-24	vecernji.hr	'Čisto, elegantno i profinjeno. Nije standardna arena kakvih ima po cijelom svijetu'	https://www.vecernji.hr/vijesti/kritike-novog-maksimira-dolaze-iz-mentalnog-sklopa-ljudi-kojima-je-sve-moderno-strano-oni-bi-samo-okruglu-svijetlecu-tortu-1998257	intervju	pro	Dizajner Boris Malešević hvali rješenje kao čisto, elegantno i profinjeno.	da
2026-09-24	vecernji.hr	ANKETA Koji je za vas projekt maksimirskog stadiona idealan?	https://www.vecernji.hr/sport/anketa-koji-je-za-vas-projekt-maksimirskog-stadiona-idealan-1998235	anketa	neutralno	Anketa Večernjeg o tome koji je od pet nagrađenih projekata idealan.	da
2026-09-24	vecernji.hr	ANKETA Sviđa li vam se kako će izgledati novi Maksimir?	https://www.vecernji.hr/sport/anketa-svida-li-vam-se-kako-ce-izgledati-novi-maksimir-1998197	anketa	neutralno	Anketa Večernjeg sviđa li se čitateljima pobjednički izgled novog Maksimira.	da
2026-09-24	vecernji.hr	Boban odgovorio kritičarima novog Dinamovog stadiona: 'Željeli smo poštovati duh i povijest Maksimira'	https://www.vecernji.hr/sport/boban-odgovorio-kriticarima-novog-dinamovog-stadiona-zeljeli-smo-postovati-duh-i-povijest-maksimira-1998339	vijest	pro	Boban odgovara kritičarima da su htjeli poštovati duh i povijest Maksimira umjesto generičke konfekcije.	da
2026-09-24	vecernji.hr	FOTO Imamo prve fotografije kako će izgledati Maksimir, novi dom Dinama!	https://www.vecernji.hr/sport/uzivo-od-13-danas-se-predstavlja-novi-maksimir-evo-kako-bi-trebao-izgledati-1998157	galerija	neutralno	Prve fotografije prvonagrađenog rada novog Maksimira.	da
2026-09-24	vecernji.hr	FOTO Otto Barić objavio svoju verziju maksimirskog stadiona	https://www.vecernji.hr/vijesti/foto-otto-baric-objavio-svoju-verziju-maksimirskog-stadiona-1998326	galerija	protiv	Otto Barić objavio vlastitu verziju maksimirskog stadiona kao alternativu.	da
2026-09-24	vecernji.hr	FOTO Pogledajte dizajn Maksimira: 'Jedinstven, nije kopija niti jednog stadiona koji postoji u svijetu'	https://www.vecernji.hr/sport/foto-pogledajte-dizajn-maksimira-jedinstven-nema-kopije-niti-jednog-stadiona-koji-postoji-u-svijetu-1998208	galerija	pro	Članovi ocjenjivačkog suda predstavljaju pobjednički rad kao jedinstven i nekopiran.	da
2026-09-24	vecernji.hr	FOTO Poznat pobjednik natječaja za Maksimir, evo kako će stadion izgledati (uklonjeno)	https://www.vecernji.hr/sport/foto-poznat-pobjednik-natjecaja-za-maksimir-evo-kako-ce-stadion-izgledati-1998220	uklonjeno		Članak vraća 404 („stranica je uklonjena”) na dan 28.9.2026.; nema snimke u Wayback arhivu.	da
2026-09-24	vecernji.hr	Gledajte '240 sekundi' 24sata: Otkrili dizajn novog Maksimira. Ipak, nisu baš svi zadovoljni...	https://www.vecernji.hr/vijesti/gledajte-240-sekundi-24sata-otkrili-dizajn-novog-maksimira-ipak-nisu-bas-svi-zadovoljni-1998340	video	protiv	Videopregled 24sata o predstavljenom dizajnu i nezadovoljstvu dijela javnosti.	da
2026-09-24	vecernji.hr	Novi stadion je remek-djelo, izraz onog što Zagreb i Dinamo jesu	https://www.vecernji.hr/sport/novi-stadion-je-remek-djelo-izraz-onog-sto-zagreb-i-dinamo-jesu-1998269	kolumna	pro	Komentar hvali novi stadion kao remek-djelo i izraz identiteta Zagreba i Dinama.	da
2026-09-24	vecernji.hr	Predstavljen novi Maksimir, a navijači opleli po projektu: 'Čekali smo toliko da dobijemo ovo?'	https://www.vecernji.hr/sport/predstavljen-novi-maksimir-a-navijaci-opleli-po-projektu-cekali-smo-toliko-da-dobijemo-ovo-1998210	vijest	protiv	Navijači Dinama nezadovoljni predstavljenim projektom.	da
2026-09-24	vecernji.hr	Stadion koji odbija generičke trendove: Zagreb je predugo bio talac loših kompromisa i arhitektonskog kiča, Novi Maksimir to mijenja	https://www.vecernji.hr/sport/stadion-koji-odbija-genericke-trendove-novi-maksimir-podsjeca-na-kultna-zdanja-u-spanjolskoj-i-francuskoj-1998289	kolumna	pro	Komentar hvali stadion koji odbija generičke trendove i arhitektonski kič.	da
2026-09-24	vecernji.hr	Tomašević otkrio koliko će koštati i kada će biti završen novi stadion u Maksimiru!	https://www.vecernji.hr/sport/tomasevic-otkrio-koliko-ce-kostati-i-kada-ce-biti-zavrsen-novi-stadion-u-maksimiru-1998215	vijest	pro	Tomašević iznosi cijenu i rokove te hvali jedinstvenost stadiona.	da
2026-09-24	vecernji.hr	Ugledni arhitekti oduševljeni, evo što ističu za novi maksimirski stadion (uklonjeno)	https://www.vecernji.hr/sport/ugledni-arhitekti-odusevljeni-evo-sto-isticu-za-novi-maksimirski-stadion-1998324	uklonjeno		Članak vraća 404 („stranica je uklonjena”) na dan 28.9.2026.; nema snimke u Wayback arhivu.	da
2026-09-24	vlada.gov.hr	Poseban fokus naše Vlade stavljen je na obnovu i izgradnju sportske infrastrukture	https://vlada.gov.hr/poseban-fokus-nase-vlade-stavljen-je-na-obnovu-i-izgradnju-sportske-infrastrukture/47337	sluzbeno	pro	Vlada izvještava da je ministar Glavina kao član žirija sudjelovao u predstavljanju pobjedničkog rješenja i ističe ulaganja u sportsku infrastrukturu.	da
2026-09-24	x.com	Croatian Football: Tomašević expects opening by end of 2030	https://x.com/CroatiaFooty/status/2103108750844281067	vijest	neutralno	Objava prenosi gradonačelnikov rok otvaranja krajem 2030. i cijenu od 175 milijuna eura bez PDV-a.	da
2026-09-24	x.com	Croatian Football: choice influenced by originality and Turina	https://x.com/CroatiaFooty/status/2103178802406851030	vijest	pro	Objava prenosi obrazloženje da je odluku odredila originalnost i veza s Turininim stadionom.	da
2026-09-24	x.com	Croatian Football: first stadium ever designed by Fantini and Rossi	https://x.com/CroatiaFooty/status/2103140867510763864	vijest	mjesovito	Objava ističe da su 34-godišnji autori iz VG13 dosad radili uglavnom kuće i manje projekte.	da
2026-09-24	x.com/gnkdinamo	GNK Dinamo: najava članske tribine s Bobanom i predsjednikom žirija	https://x.com/gnkdinamo/status/2103157539277766930	sluzbeno	pro	Klub najavljuje tribinu za članove o novom stadionu.	snippet
2026-09-24	youtube:07 MICO Football Traveler	NOVI DINAMOV STADION | KAJ JE OVO FRENDE?	https://www.youtube.com/watch?v=qclpQHeLbwk	video	protiv	Vlog navijača: „Kaj je ovo frende?” o novom Dinamovom stadionu (21.579 pregleda 28.9.).	da
2026-09-24	youtube:24sata	Gledajte '240 sekundi 24sata': Otkrili dizajn novog Maksimira. Ipak, nisu baš svi zadovoljni...	https://www.youtube.com/watch?v=ck7jO1oFmdE	video	mjesovito	24sata „240 sekundi”: otkriven dizajn, „nisu svi zadovoljni” (1.102 pregleda 28.9.).	da
2026-09-24	youtube:Grad Zagreb	Predstavljanje idejnog rješenja stadiona Maksimir	https://www.youtube.com/watch?v=dWeq_CVZw-Q	video	pro	Službena snimka predstavljanja idejnog rješenja u DAZ-u (Grad Zagreb) (7.517 pregleda 28.9.).	da
2026-09-24	youtube:HRT vijesti	Otkriven izgled novog stadiona u Maksimiru	https://www.youtube.com/watch?v=2W_Y81SPGmw	video	neutralno	HRT vijesti: otkriven izgled novog stadiona (7.176 pregleda 28.9.).	da
2026-09-24	youtube:HRT vijesti	Reakcije na izgled novog stadiona u Maksimiru	https://www.youtube.com/watch?v=dilt0ujlwh0	video	mjesovito	HRT: rasprava o reakcijama na izgled novog stadiona (16.359 pregleda 28.9.).	da
2026-09-24	youtube:Ili reć ili puknit	Zvonimir BOBAN o novom stadionu Dinama - Stadion će biti BRILJANTAN, REMEK DJELO	https://www.youtube.com/watch?v=e3gWm3i83w0	video	protiv	Ironičan montažni video Bobanove izjave „briljantan, remek-djelo” (7.466 pregleda 28.9.).	da
2026-09-24	youtube:Jutarnji list	Predstavljen projekt za novi stadion Maksimir i Sportsko-rekreacijski centar Svetice	https://www.youtube.com/watch?v=KlWoUk5soyY	video	neutralno	Jutarnji list: snimka predstavljanja projekta stadiona i SRC Svetice (5.337 pregleda 28.9.).	da
2026-09-24	youtube:LAZNA DEVETKA	🔵NOVI MAKSIMIR IZGLEDA OČAJNO?🔵NETKO NAS ZAJ**AVA SA RIKVERC STADIONOM?🔵	https://www.youtube.com/watch?v=WSo6sl2a3bo	video	protiv	Navijački kanal: „novi Maksimir izgleda očajno” (71.185 pregleda 28.9.).	da
2026-09-24	youtube:PIXSELL	Predstavljanje projekta novog stadiona u Maksimiru	https://www.youtube.com/watch?v=8qJN-AN5KZk	video	neutralno	PIXSELL: agencijska snimka predstavljanja projekta (2.467 pregleda 28.9.).	da
2026-09-24	youtube:RTL	Arhitekt Otto Barić o novom stadionu: 'Teško je shvatiti tu brutalističku arhitekturu' | RTL Direkt	https://www.youtube.com/watch?v=GIhuQoWehf8	video	protiv	RTL Direkt: arhitekt Otto Barić (natjecatelj) kritizira „brutalističku arhitekturu” (80.136 pregleda 28.9.).	da
2026-09-24	youtube:RTL	Boban odgovorio na kritike novog Maksimira | RTL Danas	https://www.youtube.com/watch?v=Spf9RndQg7M	video	pro	RTL Danas: Boban i Plejić brane odabir i odgovaraju na kritike (20.158 pregleda 28.9.).	da
2026-09-24	youtube:RTL	Građani podijeljeni - struka, Grad i Dinamo oduševljeni | RTL Danas	https://www.youtube.com/watch?v=_JJQm1RCOjk	video	mjesovito	RTL Danas: građani podijeljeni, struka, Grad i Dinamo (Boban) oduševljeni (16.994 pregleda 28.9.).	da
2026-09-24	youtube:RTL	I Splićani imaju mišljenje o novom Maksimiru: 'Možda bi bilo dobro da ga opituraju' | RTL Direkt	https://www.youtube.com/watch?v=C0omlgdezkg	video	protiv	RTL Direkt: reakcije iz Splita, rješenje mnoge podsjeća na „ogromnu kutiju” (34.278 pregleda 28.9.).	da
2026-09-24	youtube:Večernji TV	Imamo prve fotografije kako će izgledati novi Maksimir, remek-djelo arhitekture!	https://www.youtube.com/watch?v=QkQ0A1uu4No	video	neutralno	Večernji TV: prve fotografije rješenja (naslov prenosi „remek-djelo” iz izjava) (6.616 pregleda 28.9.).	da
2026-09-24	youtube:Večernji TV	Predstavljanje novog Maksimirskog stadiona	https://www.youtube.com/watch?v=osXtunCiGxo	video	neutralno	Večernji TV: snimka predstavljanja novog stadiona (4.704 pregleda 28.9.).	da
2026-09-24	youtube:Z1 Televizija	ZIP - 24.9.2026. - SREDIŠNJE VIJESTI Z1 TELEVIZIJE	https://www.youtube.com/watch?v=w5V68kkkc2k	video	mjesovito	Z1 središnje vijesti: izbor VG13 i gost Otto Barić sa svojim natječajnim rješenjem (7.360 pregleda 28.9.).	da
2026-09-24	youtube:bauštelaHR	Predstavljanje novog izgleda stadiona Maksimir	https://www.youtube.com/watch?v=Rs8kLymmfGQ	video	neutralno	bauštelaHR: snimka predstavljanja novog izgleda stadiona (1.465 pregleda 28.9.).	da
2026-09-24	youtube:ᴅᴇᴅᴀ ᴠᴀɴɢᴀ	OD PLAVOG VULKANA DO OVE LAKRDIJE!	https://www.youtube.com/watch?v=VR5b2J4kigs	video	protiv	Navijački komentar: „od plavog vulkana do ove lakrdije” (111.626 pregleda 28.9.).	da
2026-09-24	zagreb.hr	Ocjenjivački sud međunarodnog arhitektonsko-urbanističkog natječaja predstavio idejno rješenje SRC Svetice-stadion Maksimir	https://www.zagreb.hr/ocjenjivacki-sud-me%C4%91unarodnog-arhitektonsko-urbani/224149	sluzbeno	pro	Grad Zagreb izvještava da je ocjenjivački sud predstavio pobjedničko idejno rješenje VG13 i ostale nagrađene radove od 88 pristiglih.	da
2026-09-24	zagreb.info	Arhitekt Otto Barić o novom Maksimiru: 'Velika je šteta zbog jedne stvari'	https://www.zagreb.info/vijesti/arhitekt-otto-baric-o-novom-maksimiru-velika-je-steta-zbog-jedne-stvari/877972/	vijest	protiv	Otto Barić: velika je šteta zbog jedne stvari u rješenju.	da
2026-09-24	zagreb.info	Bauhaus 'zapalio' internet objavom o novom Maksimiru: 'Napravili smo kutiju za alat, hvala na nominacijama'	https://www.zagreb.info/zagrebacke-price/bauhaus-zapalio-internet-objavom-o-novom-maksimiru-napravili-smo-kutiju-za-alat-hvala-na-nominacijama/878038/	vijest	protiv	Bauhaus na društvenim mrežama ismijava novi Maksimir kao kutiju za alat.	da
2026-09-24	zagreb.info	Cure informacije o Talijanima (34) zaslužnima za novi izgled Maksimira: Nikad prije nisu projektirali stadion	https://www.zagreb.info/vijesti/cure-informacije-o-talijanima-34-zasluznima-za-novi-izgled-maksimira-nikad-prije-nisu-projektirali-stadion/878017/	analiza	mjesovito	Zagreb.info o mladim talijanskim autorima koji nikad prije nisu projektirali stadion.	da
2026-09-24	zagreb.info	Dizajner hrvatskih kockica iskreno o novom Maksimiru: 'Kada bi mi netko rekao da ocijenim od 1 do 5...'	https://www.zagreb.info/vijesti/dizajner-hrvatskih-kockica-iskreno-o-novom-maksimiru-kada-bi-mi-netko-rekao-da-ocijenim-od-1-do-5/877996/	intervju	mjesovito	Dizajner hrvatskih kockica ocjenjuje novi Maksimir.	da
2026-09-24	zagreb.info	Novi izgled Maksimira pod paljbom, pljušte reakcije: 'Ovo se ne smije izgraditi, ponovite natječaj'	https://www.zagreb.info/zagrebacke-price/novi-izgled-maksimira-pod-paljbom-pljuste-reakcije-ovo-se-ne-smije-izgraditi-ponovite-natjecaj/878000/	vijest	protiv	Zagreb.info prenosi reakcije javnosti koja traži ponavljanje natječaja.	da
2026-09-24	zagreb.info	Ovako je mogao izgledati novi Maksimir: Pogledajte četiri rješenja koja nisu odnijela pobjedu	https://www.zagreb.info/vijesti/ovako-je-mogao-izgledati-novi-maksimir-pogledajte-cetiri-rjesenja-koja-nisu-odnijela-pobjedu/877944/	galerija	neutralno	Zagreb.info prikazuje četiri nagrađena rješenja koja nisu pobijedila.	da
2026-09-24	zagreb.info	Predstavljen novi Maksimir: Objavili kad kreće rušenje starog stadiona	https://www.zagreb.info/vijesti/predstavljen-novi-maksimir-objavili-kad-krece-rusenje-starog-stadiona/877914/	vijest	neutralno	Zagreb.info: predstavljen novi Maksimir i rok rušenja starog stadiona.	da
2026-09-24	zagreb.info	Predstavljen pobjednički rad: Evo kako će izgledati novi Dinamov stadion	https://www.zagreb.info/vijesti/uzivo-uskoro-cemo-vidjeti-kako-ce-izgledati-novi-dinamov-stadion/877852/	vijest	neutralno	Zagreb.info uživo prati predstavljanje pobjedničkog rada.	da
2026-09-25	24sata.hr	Bauhaus komentirao natječaj za Maksimir: 'Nismo se prijavili...'	https://www.24sata.hr/sport/bauhaus-komentirao-natjecaj-za-maksimir-nismo-se-prijavili-1156764	vijest	protiv	Bauhaus se našalio da su stadion usporedili s njihovom kutijom za alat.	da
2026-09-25	24sata.hr	Bjegunac Mamić: Kad sam vidio novi Maksimir, zanijemio sam. Pa to je ruganje zdravoj pameti!	https://www.24sata.hr/news/bjegunac-mamic-kad-sam-vidio-novi-maksimir-zanijemio-sam-pa-to-je-ruganje-zdravoj-pameti-1156904	vijest	protiv	Zdravko Mamić iz BiH novi Maksimir naziva ruganjem zdravoj pameti.	da
2026-09-25	24sata.hr	Boban: Bit će korekcija, smanjit će se otvori, ali će ostati. Zar nije dobro da dolazi svjež zrak?	https://www.24sata.hr/sport/boban-bit-ce-korekcija-smanjit-ce-se-otvori-ali-ce-ostati-zar-nije-dobro-da-dolazi-svjez-zrak-1156829	intervju	pro	Boban najavljuje korekcije, smanjenje otvora i plavu boju stadiona.	da
2026-09-25	24sata.hr	EKSKLUZIVNO Javili su nam se Talijani koji su projektirali Maksimir. Evo što su rekli!	https://www.24sata.hr/news/ekskluzivno-javili-su-nam-se-talijani-koji-su-projektirali-maksimir-evo-sto-su-rekli-1156819	intervju	pro	Talijanski autori ekskluzivno za 24sata poručuju da žele precizno komunicirati projekt.	da
2026-09-25	24sata.hr	FOTO Evo što smo mogli imati! Maksimir je htio dizajnirati ured koji je u Kini stvorio ova čudesa	https://www.24sata.hr/sport/foto-evo-sto-smo-mogli-imati-maksimir-je-htio-dizajnirati-ured-koji-je-u-kini-stvorio-ova-cudesa-1156734	galerija	neutralno	Prikaz natječajnog rada studija Zaha Hadid Architects.	da
2026-09-25	24sata.hr	FOTO Najbolje fore o novom Maksimiru: Odgovorila i IKEA	https://www.24sata.hr/sport/foto-najbolje-fore-o-novom-maksimiru-odgovorila-i-ikea-1156818	galerija	protiv	Satirični pregled najboljih šala o novom Maksimiru, uključujući IKEA-u.	da
2026-09-25	24sata.hr	FOTO Oni nisu ušli ni u Top 5: Evo što o svojim stadionima kažu Zaha Hadid i hrvatski 3LHD	https://www.24sata.hr/sport/foto-oni-nisu-usli-ni-u-top-5-evo-sto-o-svojim-stadionima-kazu-zaha-hadid-i-hrvatski-3lhd-1156745	galerija	neutralno	Autori radova Zaha Hadid i 3LHD objašnjavaju svoje neuspjele prijedloge.	da
2026-09-25	24sata.hr	HDZ-ovac Matijević obrušio se na Maksimir, koji plaća i Vlada: 'Sivo, groblje, gdje je nogomet'	https://www.24sata.hr/news/hdz-ovac-matijevic-obrusio-se-na-maksimir-koji-placa-i-vlada-sivo-groblje-gdje-je-nogomet-1156752	vijest	protiv	Ivan Matijević (HDZ) opisuje projekt kao sivo groblje bez nogometa.	da
2026-09-25	24sata.hr	IKONIČKI GRADSKI REPER Evo zašto su odabrali baš ovaj Maksimir! Žiri objasnio odluku	https://www.24sata.hr/sport/evo-zasto-su-odabrali-bas-ovaj-maksimir-ziri-je-sve-objasnio-1156915	vijest	pro	Obrazloženje žirija koji je rješenje ocijenio kao ikonički gradski reper.	da
2026-09-25	24sata.hr	Matijević se obrušio na novi Maksimir, ni šef Skupštine nije sretan. Evo što kažu u Saboru	https://www.24sata.hr/news/matijevic-se-obrusio-na-novi-maksimir-ni-sef-skupstine-nije-sretan-evo-sto-kazu-u-saboru-1156808	vijest	protiv	Kritike Matijevića i predsjednika Skupštine te reakcije iz Sabora.	da
2026-09-25	24sata.hr	Otto Barić oštro odgovorio Bobanu: 'Nemoj mi pisati nešto što ne znaš ili ne razumiješ...'	https://www.24sata.hr/sport/otto-baric-ostro-odgovorio-bobanu-nemoj-mi-pisati-nesto-sto-ne-znas-ili-ne-razumijes-1156886	vijest	protiv	Otto Barić oštro odgovara Bobanu i govori o neredu u odluci.	da
2026-09-25	24sata.hr	POBUNA ZBOG STADIONA Tisuće potpisa protiv novog Maksimira	https://www.24sata.hr/sport/pobuna-zbog-stadiona-tisuce-potpisa-protiv-novog-maksimira-1156741	vijest	protiv	Peticija protiv novog Maksimira brzo prikuplja tisuće potpisa.	da
2026-09-25	24sata.hr	Pogledajte stadion iz igrice Fifa 98! Podsjeća li vas na nešto?	https://www.24sata.hr/sport/otto-baric-objavio-snimku-koja-jako-podsjeca-na-novi-stadion-hvala-zvone-jedinstveno-1156728	video	protiv	Otto Barić objavio isječak iz FIFA 98 sa stadionom Råsunda koji podsjeća na pobjednika.	da
2026-09-25	24sata.hr	Rene Bitorajac narugao se novom Maksimiru, video je hit	https://www.24sata.hr/show/rene-bitorajac-narugao-se-novom-maksimiru-video-je-hit-1156765	video	protiv	Rene Bitorajac viralnim videom ismijao maketu novog stadiona.	da
2026-09-25	24sata.hr	Član žirija za Maksimir i autor pobjedničkog rješenja rade na istoj akademiji ured do ureda?	https://www.24sata.hr/news/clan-zirija-za-maksimir-i-autor-pobjednickog-rjesenja-rade-na-istoj-akademiji-ured-do-ureda-1156766	vijest	protiv	Tekst otkriva da član žirija i autori pobjedničkog rješenja rade na istoj akademiji.	da
2026-09-25	24sata.hr	Član žirija za novi Maksimir: 'Ne dolazi u obzir da se promijeni odluka. Ne trebaju nam krafne'	https://www.24sata.hr/news/clan-zirija-za-novi-maksimir-ne-dolazi-u-obzir-da-se-promijeni-odluka-ne-trebaju-nam-krafne-1156784	intervju	pro	Član žirija Fabijanić: odluka se ne mijenja, Zagrebu ne trebaju arene-krafne.	da
2026-09-25	24sata.hr	Šaljite svoje prijedloge! Kako bi trebao izgledati novi Maksimir?	https://www.24sata.hr/news/saljite-svoje-prijedloge-kako-bi-trebao-izgledati-novi-maksimir-1156758	vijest	neutralno	24sata poziva čitatelje da šalju prijedloge kako bi trebao izgledati novi Maksimir.	da
2026-09-25	24sata.hr	Šef žirija za Maksimir: Rješenje je genijalno, remek-djelo	https://www.24sata.hr/news/sef-zirija-za-maksimir-rjesenje-je-genijalno-remek-djelo-1156881	intervju	pro	Toma Plejić rješenje naziva genijalnim remek-djelom.	da
2026-09-25	24sata.hr	Što mediji iz susjedstva pišu o Maksimiru? 'Kartonska kutija'	https://www.24sata.hr/sport/sto-mediji-iz-susjedstva-pisu-o-maksimiru-kartonska-kutija-1156735	analiza	protiv	Pregled regionalnih medija koji rješenje nazivaju kartonskom kutijom.	da
2026-09-25	24sedam.rs	Hrvati urnebesno ismevaju novi Maksimir: 'Kartonska kutija'	https://24sedam.rs/region/vesti/480481/novi-maksimir-ismejan-kartonska-kutija-od-stadiona/vest	vijest	protiv	24sedam prenosi ismijavanje projekta na društvenim mrežama i usporedbe s kartonskom kutijom.	da
2026-09-25	avaz.ba	Novi stadion Dinama postao predmet šala, a Bauhaus reagovao potezom za pamćenje	https://avaz.ba/vijesti/biznis/1075150/novi-stadion-dinama-postao-predmet-sala-a-bauhaus-reagovao-potezom-za-pamcenje-hvala-na-nominacijama	vijest	protiv	Avaz prenosi šale na račun projekta i ocjenu dijela navijača da ne odražava identitet Zagreba i Dinama.	da
2026-09-25	b92.net	Novi Maksimir izazvao reakcije, Boban najavio moguće korekcije	https://www.b92.net/sport/fudbal/ex-yu-fudbal/270597/novi-maksimir-izazvao-reakcije-boban-najavio-moguce-korekcije/vest	vijest	mjesovito	B92 piše da je izgled s otvorenim uglovima razočarao navijače, a Boban najavljuje korekcije.	da
2026-09-25	baustela.hr	Ovo je top 5 hrvatskih rješenja za novi Maksimir: Genijalna su, ocjenjivači 'priznali' samo jedno	https://baustela.hr/estetika/vijesti/87517/ovo-je-top-5-hrvatskih-rjesenja-za-novi-maksimir-genijalna-su-ocjenjivaci-priznali-samo-jedno/vijest	galerija	neutralno	Baustela predstavlja pet najboljih hrvatskih rješenja od kojih je nagrađeno samo jedno.	da
2026-09-25	baustela.hr	Peticija već prikupila 11.600 potpisa: S vizijom novog Maksimira mnogi nisu zadovoljni	https://baustela.hr/novosti/vijesti/87527/peticija-vec-prikupila-11600-potpisa-s-vizijom-novog-maksimira-mnogi-nisu-zadovoljni/vijest	vijest	protiv	Baustela: peticija protiv rješenja prikupila 11.600 potpisa.	da
2026-09-25	coliseum-online.com	GNK Dinamo Zagreb Maksimir Stadium digital route to engage fans	https://www.coliseum-online.com/gnk-dinamo-zagreb-maksimir-stadium-digital-route-to-engage-fans/	vijest	neutralno	Coliseum piše o Dinamovoj digitalnoj ruri za navijače i navodi da gradnja novog Maksimira kreće 2029. (datum približan).	snippet
2026-09-25	croatiaweek.com	New Maksimir Stadium design to get changes after public reaction	https://www.croatiaweek.com/new-maksimir-stadium-design-revised-public-reaction/	vijest	mjesovito	Croatia Week javlja da će projekt nakon reakcija javnosti dobiti izmjene koje je najavio Boban.	da
2026-09-25	direktno.hr	Rene Bitorajac prisjetio se scene s Gazdom i ismijao novi Maksimir: 'Propuh arena'	https://direktno.hr/zivot/rene-bitorajac-prisjetio-se-scene-s-gazdom-i-ismijao-novi-maksimir-propuh-arena-405050/	vijest	protiv	Rene Bitorajac ismijava novi Maksimir kao propuh arenu.	da
2026-09-25	direktno.hr	Tisuće već reagirale: Evo koliko je potpisa dosad skupila peticija protiv ovakvog Maksimira	https://direktno.hr/sport/tisuce-vec-reagirale-evo-koliko-je-potpisa-dosad-skupila-peticija-protiv-ovakvog-maksimira-405062/	vijest	protiv	Direktno o broju potpisa na peticiji protiv rješenja.	da
2026-09-25	direktno.hr	Tračak nade za navijače Dinama, ovo nije konačan dizajn Maksimira? 'Pričao sam s Bobanom...'	https://direktno.hr/sport/tracak-nade-za-navijace-dinama-ovo-nije-konacan-dizajn-maksimira-pricao-sam-s-bobanom-405055/	vijest	mjesovito	Direktno: sugovornik tvrdi da nakon razgovora s Bobanom ovo nije konačan dizajn.	da
2026-09-25	direktno.hr	Val reakcija na novi stadion: 'Tuđmana i Mamića su pobijedili, hoće li Bobana i Tomaševića?'	https://direktno.hr/sport/val-reakcija-novi-stadion-tudmana-i-mamica-su-pobijedili-hoce-li-bobana-i-tomasevicag-405109/	vijest	protiv	Direktno donosi val negativnih reakcija i usporedbe s ranijim prosvjedima navijača.	da
2026-09-25	direktno.hr	Šef ocjenivačkog suda o novom Maksimiru: 'Ovo je genijalno rješenje, remek-djelo'	https://direktno.hr/sport/sef-ocjenivackog-suda-o-novom-maksimiru-ovo-genijalno-rjesenje-remek-djelo-405128/	vijest	pro	Predsjednik žirija Plejić: genijalno rješenje, remek-djelo.	da
2026-09-25	dnevno.hr	Bauhaus 'rasturio' objavom o novom Maksimiru: ‘Sad možete biti glavni sponzor Dinama’	https://www.dnevno.hr/gospodarstvo-i-turizam/bauhaus-rasturio-objavom-o-novom-maksimiru-sad-mozete-biti-glavni-sponzor-dinama-3426001/	vijest	protiv	Bauhaus ismijava rješenje i predlaže se kao Dinamov sponzor.	da
2026-09-25	dnevno.hr	Bivši dinamovac 'udario' po novom Maksimiru: 'Ljudi, ovo je spomenik komunizmu'	https://www.dnevno.hr/sport/bivsi-dinamovac-udario-po-novom-maksimiru-ljudi-ovo-je-spomenik-komunizmu-3425936/	vijest	protiv	Bivši dinamovac: novi Maksimir je spomenik komunizmu.	da
2026-09-25	dnevno.hr	Boban na nedoživljenom udaru, sad smiruje navijače: 'Bit će kako ljudi žele'	https://www.dnevno.hr/sport/boban-na-nedozivljenom-udaru-sad-smiruje-navijace-bit-ce-kako-ljudi-zele-3426675/	vijest	mjesovito	Boban pod pritiskom najavljuje da će biti kako ljudi žele.	da
2026-09-25	dnevno.hr	Dinamov novi stadion je baš dobar. I odje*ite!	https://www.dnevno.hr/sport/dinamov-novi-stadion-je-bas-dobar-i-odjeite-3426403/	kolumna	pro	Dnevno kolumnom brani novi stadion kao dobar.	da
2026-09-25	dnevno.hr	Iz Dinama zagrmjeli zbog stadiona, više ne mogu šutjeti: 'Bila bi to sramota'	https://www.dnevno.hr/sport/iz-dinama-zagrmjeli-zbog-stadiona-vise-ne-mogu-sutjeti-bila-bi-to-sramota-3426854/	vijest	protiv	Iz Dinamovih redova upozoravaju da bi takav stadion bio sramota.	da
2026-09-25	dnevno.hr	Kakav odgovor Barića Bobanu: 'Nemoj, molim te, meni pisati nešto sto ne znaš ili ne razumiješ'	https://www.dnevno.hr/sport/kakav-odgovor-barica-bobanu-nemoj-molim-te-meni-pisati-nesto-sto-ne-znas-ili-ne-razumijes-3426764/	vijest	protiv	Barić odgovara Bobanu na tvrdnje o trošku i kompetenciji.	da
2026-09-25	dnevno.hr	O novom Maksimiru svi govore, javili se Egipćani: Poslali moćnu poruku	https://www.dnevno.hr/sport/o-novom-maksimiru-svi-govore-javili-se-egipcani-poslali-mocnu-poruku-3426546/	vijest	neutralno	Dnevno o reakcijama iz Egipta na raspravu o novom Maksimiru.	da
2026-09-25	dnevno.hr	Poznati HDZ-ovac se oglasio o novom Maksimiru: 'Ovo što ste predstavili nikada neće biti naš dom'	https://www.dnevno.hr/vijesti/poznati-hdz-ovac-se-oglasio-o-novom-maksimiru-ovo-sto-ste-predstavili-nikada-nece-biti-nas-dom-3426449/	vijest	protiv	Šef zagrebačkog HDZ-a: ovo nikada neće biti naš dom.	da
2026-09-25	dnevno.hr	Tko je Hrvat koji radi u tvrtki koja će graditi Dinamov stadion?	https://www.dnevno.hr/sport/tko-je-hrvat-koji-radi-u-tvrtki-koja-ce-graditi-dinamov-stadion-3426417/	analiza	neutralno	Dnevno o Hrvatu zaposlenom u tvrtki koja projektira stadion.	da
2026-09-25	ekipa.svet24.si	Hrvaška gori, Zagreb ponižan – novi stadion fijasko, še grši od Maksimirja	https://ekipa.svet24.si/sport/nogomet/mednarodni-nogomet/zagreb-hrvaska-stadion-maksimir-projekt-navijaci-1928884	vijest	protiv	Ekipa naziva novi stadion fijaskom, ružnijim od postojećeg Maksimira.	da
2026-09-25	facebook.com	Here are 4 more fascinating designs proposed for the new Maksimir Stadium	https://www.facebook.com/sportsrender/posts/here-are-4-more-fascinating-designs-proposed-for-the-new-maksimir-stadium-in-zag/122273330054082495/	vijest	mjesovito	SportsRender prikazuje četiri nenagrađena rada uz pobjednički i poziva na usporedbu.	da
2026-09-25	facebook.com	Mobilita Evolva: results of the Maksimir competition (Facebook)	https://www.facebook.com/mevolva/posts/2892617121112698/	natjecateljski-rad	neutralno	Konzultant za mobilnost iz tima 3LHD-a dijeli nenagrađeni prijedlog (datum približan).	snippet
2026-09-25	facebook.com	Pulsar Arhitektura: Ovako izgleda naš prijedlog za SRC Svetice i stadion Maksimir	https://www.facebook.com/pulsararhitektura/	natjecateljski-rad	neutralno	Pulsar Arhitektura (HR/NO/UK) na Facebooku predstavlja svoj prijedlog novog doma GNK Dinama (datum približan).	snippet
2026-09-25	facebook.com	Vrlo: Our proposal for the new Maksimir Stadium (Facebook)	https://www.facebook.com/61565301832474/posts/122227723880510061/	natjecateljski-rad	neutralno	Facebook stranica Vrlo, suradnik na radu 3LHD-a, dijeli prijedlog (datum približan).	snippet
2026-09-25	facebook.com/HRTsport	Novi Maksimir izazvao je brojne reakcije. Pitali smo Zagrepčane što misle	https://www.facebook.com/HRTsport/videos/%EF%B8%8F-novi-maksimir-izazvao-je-brojne-reakcije-pitali-smo-zagrep%C4%8Dane-%C5%A1to-misle-o-ide/1623860506054458/	video	mjesovito	HRT Sport anketa na ulici o idejnom rješenju.	snippet
2026-09-25	facebook.com/HRTvijesti	Novi maksimirski stadion užario je Zagreb. Kakvo je vaše mišljenje o idejnom rješenju?	https://www.facebook.com/HRTvijesti/videos/novi-maksimirski-stadion-u%C5%BEario-je-zagreb-kakvo-je-va%C5%A1e-mi%C5%A1ljenje-o-idejnom-rje%C5%A1/1113976451589516/	video	mjesovito	HRT vijesti video na Facebooku o reakcijama i pozivu na mišljenje publike.	snippet
2026-09-25	germanijak.hr	Građanski protiv građana	https://www.germanijak.hr/nogomet/vijesti/graanski-protiv-graana/167379	kolumna	mjesovito	Germanijak kolumnom o podjelama među navijačima i građanima oko rješenja.	da
2026-09-25	github.com	ivanrezic/maksimir-pod-kisom	https://github.com/ivanrezic/maksimir-pod-kisom	projekt	mjesovito	Otvoreni kod projekta „Maksimir pod kišom”.	da
2026-09-25	gol.dnevnik.hr	Boban otkrio važan detalj o novom Maksimiru	https://gol.dnevnik.hr/clanak/rubrika/nogomet/boban-otkrio-vazan-detalj-oko-novog-maksimira---1003724.html	vijest	pro	Boban otkriva da konačni projekt neće biti identičan pobjedničkom prikazu.	da
2026-09-25	gol.dnevnik.hr	Buka oko Maksimira stigla do Praga: Čehinja iz Omiša na bomboni od stadiona	https://gol.dnevnik.hr/clanak/rubrika/hrvatska-reprezentacija/buka-oko-maksimira-stigla-do-praga-cehinja-iz-omisa-na-bomboni-od-stadiona---1003896.html	vijest	neutralno	Kuriozitet o odjeku rasprave o Maksimiru u Pragu.	da
2026-09-25	gol.dnevnik.hr	FOTO Pogledajte još dva prijedloga za novi Maksimir: Hrvatski arhitekti pokazali svoje projekte	https://gol.dnevnik.hr/clanak/rubrika/nogomet/pogledajte-jos-dva-prijedloga-za-novi-maksimir-hrvatski-arhitekti-pokazali-svoje-projekte---1003713.html	galerija	neutralno	Još dva prijedloga hrvatskih arhitekata za novi Maksimir.	da
2026-09-25	gol.dnevnik.hr	Novi Maksimir podijelio javnost, a prije pola stoljeća dogodio se još veći preokret s Poljudom	https://gol.dnevnik.hr/clanak/rubrika/nogomet/novi-maksimir-podijelio-javnost-a-prije-pola-stoljeca-dogodio-se-jos-veci-preokret-s-poljudom---1003747.html	analiza	neutralno	Usporedba s preokretom oko projekta Poljuda sedamdesetih.	da
2026-09-25	gol.dnevnik.hr	Ovako su Slovenci reagirali na novi Maksimir	https://gol.dnevnik.hr/clanak/rubrika/nogomet/ovako-su-slovenci-reagirali-na-novi-maksimir-je-li-ovo-kartonska-kutija---1003712.html	vijest	protiv	Slovenski mediji rješenje nazivaju kartonskom kutijom.	da
2026-09-25	gol.dnevnik.hr	VIDEO Poznati hrvatski arhitekt bocnuo Bobana, podijelio zanimljivu snimku: "Kako reče Zvone..."	https://gol.dnevnik.hr/clanak/rubrika/nogomet/video-poznati-hrvatski-arhitekt-bocnuo-bobana-podijelio-zanimljivu-snimku-kako-rece-zvone---1003720.html	video	protiv	Otto Barić snimkom iz videoigre bocnuo Bobana.	da
2026-09-25	gol.dnevnik.hr	VIDEO Različiti odjeci na novi Maksimir: "Trebamo biti razumni i pronaći pravu mjeru"	https://gol.dnevnik.hr/clanak/rubrika/nogomet/video-razliciti-odjeci-na-novi-maksimir-trebamo-biti-razumni-i-pronaci-pravu-mjeru---1003934.html	video	mjesovito	Dnevnik Nove TV bilježi različite odjeke na ulicama Zagreba.	da
2026-09-25	gol.mk	Хрватска добива модерен стадион: Еве како ќе изгледа новиот „Максимир“	https://www.gol.mk/fudbal/hrvatska-dobiva-moderen-stadion-eve-kako-kje-izgleda-noviot-maksimir	vijest	neutralno	Makedonski Gol.mk javlja da su Fantini i Rossi iz Milana osvojili prvo mjesto.	da
2026-09-25	gradnja.rs	Novi stadion Maksimir ima pobedničko rešenje, ali javnost ga ne dočekuje s odobravanjem	https://www.gradnja.rs/maksimir-stadion-zagreb-nagradjeni-radovi/	analiza	mjesovito	Gradnja predstavlja svih pet nagrađenih radova i suprotstavlja pohvale struke negativnoj reakciji javnosti i peticiji.	da
2026-09-25	index.hr	Autor novog Maksimira radi vrata do vrata s članom žirija	https://www.index.hr/vijesti/clanak/clan-zirija-i-autor-novog-maksimira-rade-vrata-do-vrata/2838674.aspx	vijest	protiv	Tekst otkriva da član žirija Kersten Geers i autori pobjedničkog rada rade na istoj akademiji.	da
2026-09-25	index.hr	Bauhaus se našalio s novim Maksimirom: "Mi smo samo napravili kutiju za alat"	https://www.index.hr/magazin/clanak/bauhaus-se-nasalio-s-novim-maksimirom-mi-smo-samo-napravili-kutiju-za-alat/2838585.aspx	vijest	protiv	Bauhaus se na društvenim mrežama našalio da je novi Maksimir nalik njihovoj kutiji za alat.	da
2026-09-25	index.hr	Boban: Nisam spreman popustiti pod pritiskom javnosti i zanemariti ovaj projekt	https://www.index.hr/sport/clanak/boban-nisam-spreman-popustiti-pod-pritiskom-javnosti-i-zanemariti-ovaj-projekt/2838565.aspx	vijest	pro	Boban poručuje da neće popustiti pod pritiskom javnosti i odustati od projekta.	da
2026-09-25	index.hr	Dinamovi navijači razapeli klub ispod objave o prijateljskoj utakmici u Sisku	https://www.index.hr/sport/clanak/dinamo-objavio-da-dolazi-u-sisak-navijaci-udarili-na-novi-stadion/2838698.aspx	vijest	protiv	Navijači Dinama ispod objave o prijateljskoj utakmici masovno kritizirali novi stadion.	da
2026-09-25	index.hr	Evo što mediji iz regije pišu o novom stadionu u Maksimiru	https://www.index.hr/sport/clanak/evo-sto-mediji-iz-regije-pisu-o-novom-stadionu-u-maksimiru/2838526.aspx	analiza	mjesovito	Pregled pisanja medija iz regije o pobjedničkom rješenju.	da
2026-09-25	index.hr	FOTO Egipćani predstavili svoj Maksimir: "Park za sve Zagrepčane 365 dana u godini"	https://www.index.hr/sport/clanak/foto-egipcani-imaju-posebnu-ideju-za-maksimir-evo-sto-bi-sve-taj-stadion-imao/2838626.aspx	galerija	neutralno	Egipatski tim predstavio svoj neuspjeli natječajni rad kao park za sve Zagrepčane.	da
2026-09-25	index.hr	GNK Boban	https://www.index.hr/sport/clanak/gnk-boban/2838660.aspx	kolumna	protiv	Kritička kolumna o Bobanovoj ulozi i odabiru novog Maksimira.	da
2026-09-25	index.hr	HDZ: Ovo nije konačni odabir za Maksimir. Respektiramo reakciju građana	https://www.index.hr/vijesti/clanak/hdz-ovo-nije-konacni-odabir-za-maksimir-osluskujemo-reakciju-gradjana/2838740.aspx	vijest	mjesovito	HDZ poručuje da odabir nije konačan i da osluškuje reakciju građana.	da
2026-09-25	index.hr	Jučer je otkriven novi Maksimir. Evo kako danas izgleda stadion u Kranjčevićevoj	https://www.index.hr/sport/clanak/jucer-je-otkriven-novi-maksimir-evo-kako-danas-izgleda-stadion-u-kranjcevicevoj/2838703.aspx	galerija	neutralno	Fotografije napretka radova na stadionu u Kranjčevićevoj dan nakon predstavljanja.	da
2026-09-25	index.hr	Mladež HDZ-a hvali novi Maksimir. Šef zagrebačkog HDZ-a: Propuh za 200 milijuna eura	https://www.index.hr/vijesti/clanak/mladez-hdza-hvali-novi-maksimir-sef-zagrebackog-hdza-propuh-za-200-milijuna-eura/2838642.aspx	vijest	mjesovito	Mladež HDZ-a podržala projekt, a šef zagrebačkog HDZ-a nazvao ga propuhom za 200 milijuna.	da
2026-09-25	index.hr	Novi Maksimir koštat će 175 mil. € i imati 35.000 mjesta. Ovo su usporedivi stadioni	https://www.index.hr/sport/clanak/ovi-su-stadioni-izgradjeni-u-posljednjih-10-godina-usporedivi-s-novim-maksimirom/2838668.aspx	analiza	neutralno	Usporedba novog Maksimira sa stadionima sličnog kapaciteta izgrađenima u zadnjih deset godina.	da
2026-09-25	index.hr	Otto Barić objavio video stadiona sličnog pobjedničkom projektu: "Jedinstveni Maksimir"	https://www.index.hr/vijesti/clanak/otto-baric-objavio-je-video-stadiona-slicnog-pobjednickom-projektu-jedinstveni-maksimir/2838510.aspx	video	protiv	Otto Barić objavio video stadiona iz videoigre sličnog pobjedničkom rješenju.	da
2026-09-25	index.hr	Ovako je žiri objasnio zašto je odabrao novi Maksimir o kojem svi pričaju	https://www.index.hr/sport/clanak/ovako-je-ziri-objasnio-zasto-je-odabrao-novi-maksimir-o-kojem-svi-pricaju/2838790.aspx	vijest	pro	Obrazloženje žirija zašto je izabrao VG13 rješenje unatoč negodovanju javnosti.	da
2026-09-25	index.hr	Ovo je Maksimir kakav biste htjeli. Projekt nije ušao ni u top 5 kod žirija	https://www.index.hr/sport/clanak/ovo-je-maksimir-kakav-biste-htjeli-projekt-nije-usao-ni-u-top-5-kod-zirija/2838804.aspx	anketa	protiv	U Indexovoj anketi uvjerljivo pobijedio rad 3LHD-a koji nije ušao u top 5 žirija.	da
2026-09-25	index.hr	Perišić: Novi Maksimir? Na to pitanje vam neću odgovoriti	https://www.index.hr/sport/clanak/perisic-novi-maksimir-na-to-pitanje-vam-necu-odgovoriti/2838775.aspx	vijest	neutralno	Ivan Perišić odbio komentirati novi Maksimir na konferenciji reprezentacije.	da
2026-09-25	index.hr	Pitali smo arhitekte što kažu na stadion. "Dojam mi se potpuno promijenio"	https://www.index.hr/vijesti/clanak/pitali-smo-arhitekte-sto-kazu-na-stadion-promijenio-sam-misljenje/2838730.aspx	analiza	mjesovito	Domaći arhitekti komentiraju pobjedničko rješenje, dio mijenja dojam nakon uvida.	da
2026-09-25	index.hr	Pogledajte fore na račun novog Maksimira (oglasila se i IKEA)	https://www.index.hr/magazin/clanak/pogledajte-fore-na-racun-novog-maksimira-oglasila-se-i-ikea/2838727.aspx	galerija	protiv	Pregled viralnih šala i memova na račun VG13 rješenja, uključujući reakciju IKEA-e.	da
2026-09-25	index.hr	Rene Bitorajac ima prijedlog imena za novi Maksimir, hit je 😆	https://www.index.hr/magazin/clanak/propuh-arena-rene-bitorajac-se-narugao-novom-maksimiru-video-je-hit-hit/2838561.aspx	video	protiv	Glumac Rene Bitorajac viralnim videom ismijao idejno rješenje i predložio ime stadiona.	da
2026-09-25	index.hr	Sramotna prezentacija novog Maksimira	https://www.index.hr/vijesti/clanak/sramotna-prezentacija-novog-maksimira/2838632.aspx	kolumna	protiv	Kolumna kritizira prezentaciju projekta i ulogu Društva arhitekata Zagreba.	da
2026-09-25	index.hr	VIDEO Pitali smo Zagrepčane što misle o novom Maksimiru. "Opća katastrofa. Užas"	https://www.index.hr/vijesti/clanak/video-pitali-smo-gradjane-sto-misle-o-novom-maksimiru-pogledajte-odgovore/2838699.aspx	video	protiv	Video anketa na ulici u kojoj Zagrepčani uglavnom kritiziraju novi Maksimir.	da
2026-09-25	index.hr	Član žirija: Ne dolazi obzir da zbog mišljenja javnosti mijenjamo odluku o Maksimiru	https://www.index.hr/vijesti/clanak/clan-zirija-ne-dolazi-obzir-da-zbog-misljenja-javnosti-mijenjamo-odluku-o-maksimiru/2838782.aspx	intervju	pro	Član žirija poručuje da zbog mišljenja javnosti neće mijenjati odluku.	da
2026-09-25	index.hr	Šef ZG skupštine: Izjave arhitekata iz žirija su neprihvatljive. Građane se mora čuti	https://www.index.hr/vijesti/clanak/sef-zagrebacke-skupstine-o-maksimiru-stadion-se-gradi-za-navijace-a-ne-za-arhitekte/2838815.aspx	vijest	protiv	Predsjednik Gradske skupštine Matej Mišić kritizira izjave arhitekata iz žirija i traži da se čuju građani.	da
2026-09-25	index.hr	Šef žirija za Maksimir: Ovo je genijalno rješenje, remek-djelo	https://www.index.hr/vijesti/clanak/sef-zirija-za-maksimir-ovo-je-genijalno-rjesenje-remekdjelo/2838786.aspx	intervju	pro	Toma Plejić brani rješenje kao genijalno i remek-djelo.	da
2026-09-25	index.hr	Širi se laž o "arhitektu Bobanovom nećaku". Javio se pravi Bobanov nećak	https://www.index.hr/vijesti/clanak/siri-se-laz-o-arhitektu-bobanovom-necaku-javio-se-pravi-bobanov-necak/2838821.aspx	vijest	neutralno	Demantij lažne priče da Bobanov nećak radi u pobjedničkom studiju.	da
2026-09-25	index.hr	Žiri za Maksimir sad tvrdi da prozvani arhitekt uopće nije sudjelovao u izboru	https://www.index.hr/vijesti/clanak/prica-se-o-sukobu-interesa-u-ziriju-za-maksimir-sad-tvrde-geers-uopce-nije-sudjelovao/2838769.aspx	vijest	neutralno	Organizator tvrdi da Kersten Geers nije sudjelovao u odluci jer ga je zamijenila Vjera Bakić.	da
2026-09-25	instagram.com	ADAT: Maksimir Stadium, Zagreb. Competition entry. A lantern	https://www.instagram.com/p/DdttZwBjG47/	natjecateljski-rad	neutralno	Druga objava ADAT-a s uzdignutim zelenim koncourseom oko stadiona.	da
2026-09-25	instagram.com	ADAT: Maksimir Stadium, Zagreb. Competition entry. A stadium open to the city	https://www.instagram.com/p/DdtrlRUjMNU/	natjecateljski-rad	neutralno	Talijanski ADAT Studio objavljuje rad 'stadion otvoren gradu'.	da
2026-09-25	instagram.com	CBA Christian Bergmann Architecture: competition proposal by CBA	https://www.instagram.com/p/Ddth02ZiOJS/	natjecateljski-rad	neutralno	Njemački CBA objavljuje svoj natječajni rad.	da
2026-09-25	instagram.com	CHYBÍK + KRIŠTOF: Introducing our competition proposal for Maksimir Stadium	https://www.instagram.com/p/Ddt97I_jg_s/	natjecateljski-rad	neutralno	Češki CHYBIK+KRISTOF objavljuju prijedlog koji Maksimirski park širi u urbani sportski kampus.	da
2026-09-25	instagram.com	DIE ANDEREN MAKSIMIR-ENTWÜRFE: Das sind die Projekte, die nicht gewählt wurden	https://www.instagram.com/p/DdtItVAlzXa/	vijest	neutralno	Njemački profil Kroatien News prikazuje pet nagrađenih i neke nenagrađene radove.	da
2026-09-25	instagram.com	Dr. Christian Bergmann: Maksimir Stadium Zagreb - competition proposal by CBA	https://www.instagram.com/p/Ddtfj1LCFyE/	natjecateljski-rad	neutralno	Osobni profil Christiana Bergmanna s istim radom.	da
2026-09-25	instagram.com	Fahd Abou El Azm: That is our proposal Maksimir Stadium	https://www.instagram.com/p/DdtZiUhDeSO/	natjecateljski-rad	neutralno	Autor iz IEC-a opisuje četveromjesečni rad na prijedlogu uklopljenom u park, 4.414 lajkova.	da
2026-09-25	instagram.com	IEC Architects + Engineers: Moments from Maksimir Stadium proposal	https://www.instagram.com/p/Ddtwp8ujdwE/	natjecateljski-rad	neutralno	Druga objava IEC-a s prizorima iz prijedloga.	da
2026-09-25	instagram.com	Nordic Office of Architecture: A new home for sport, recreation, and community life	https://www.instagram.com/p/Ddtb7GTF5kH/	natjecateljski-rad	neutralno	Norveški Nordic Office of Architecture objavljuje prijedlog povezanog sportskog parka sa stadionom od 35.000 mjesta.	da
2026-09-25	instagram.com	P2PA: Wraz z LAN Architecture otrzymaliśmy 5. miejsce	https://www.instagram.com/p/DdtXIrmiTSl/	natjecateljski-rad	neutralno	Poljska inačica P2PA objave o petoj nagradi s prikazima rada.	da
2026-09-25	instagram.com	P2PA: together with LAN Architecture, 5th place	https://www.instagram.com/p/DdtW6P0kcoS/	natjecateljski-rad	neutralno	Poljski P2PA objavljuje peto mjesto s LAN Architecture i čestita ostalim nagrađenima.	da
2026-09-25	instagram.com	SHESA architects: Reimagining the urban and sports landscape	https://www.instagram.com/p/DdtvKotiPqo/	natjecateljski-rad	neutralno	Talijanski SHESA objavljuje prijedlog koji spaja profesionalni sport i javni prostor.	da
2026-09-25	instagram.com	UPI-2M Studio: Our proposal for the new Maksimir Stadium	https://www.instagram.com/p/DdtKv0HiLc1/	natjecateljski-rad	neutralno	Zagrebački UPI-2M objavljuje prijedlog i sastav konzorcija.	da
2026-09-25	instagram.com	tkdp: proposal for Maksimir Stadium (Instagram)	https://www.instagram.com/p/DdtFnnVkYqp/	natjecateljski-rad	neutralno	Tariq Khayyat Design Partners (UAE) objavljuju prijedlog inspiriran hrvatskim nacionalnim cvijetom.	da
2026-09-25	ivanrezic.github.io	Maksimir pod kišom	https://ivanrezic.github.io/maksimir-pod-kisom/	projekt	mjesovito	Ivan Rezić: postojeći i novi stadion u 3D sa simulacijom vjetra i kiše po gledateljima (MIT).	da
2026-09-25	jutarnji.hr	Boban: ‘Kao i obično, ništa ne valja? Neću popustiti pod pritiskom javnosti, ovo je čudesno‘	https://www.jutarnji.hr/sportske/nogomet/boban-brani-futuristicki-maksimir-kritike-nespojeni-kutovi-dizajn-vg13-15749724	intervju	pro	Boban poručuje da neće popustiti pod pritiskom javnosti jer je rad čudesan i ikoničan.	da
2026-09-25	jutarnji.hr	Boban: ‘Ovo što ljudima smeta će se dotjerivati. Barićevo rješenje koštalo bi milijardu eura!‘	https://www.jutarnji.hr/sportske/nogomet/boban-novi-maksimir-ide-dalje-korekcije-dizajna-cijena-kljucna-15749868	intervju	pro	Boban najavljuje dotjerivanje kutova i tvrdi da bi Barićevo rješenje koštalo milijardu eura.	da
2026-09-25	jutarnji.hr	FOTO Pogledajte 25 najzanimljivijih ideja za izgled novog Maksimira koje nisu prošle na natječaju!	https://www.jutarnji.hr/vijesti/zagreb/novi-stadion-maksimir-pobjednicki-projekt-vg13-35000-mjesta-uefa-4-15749822	galerija	neutralno	Galerija 25 zanimljivih neodabranih ideja za novi Maksimir.	da
2026-09-25	jutarnji.hr	Goluža: ‘Boysi su se obračunali s Tuđmanom, mogu i s ovim; Dogan: ‘Pogledajte FIFU ‘98, ali ozbiljno‘	https://www.jutarnji.hr/vijesti/zagreb/oporba-kritizira-novi-stadion-maksimir-i-postupak-odluke-15749845	vijest	protiv	Oporbeni političari Goluža i Dogan kritiziraju pobjedničko rješenje.	da
2026-09-25	jutarnji.hr	Igor Štimac komentirao dramu oko maksimirskog stadiona: ‘Na njemu neće boraviti arhitekti, projektanti...‘	https://www.jutarnji.hr/sportske/nogomet/stimac-maksimir-odluka-navijaci-dinamo-novi-stadion-15749964	vijest	mjesovito	Igor Štimac osobno nije oduševljen, ali ističe da je važnije tko odlučuje o stadionu.	da
2026-09-25	jutarnji.hr	Internetom kruži peticija, traže novi odabir Maksimira. Evo koliko je potpisa prikupljeno u manje od 24 sata	https://www.jutarnji.hr/sportske/nogomet/nogomet-mix/peticija-navijaca-dinama-protiv-novog-maksimira-eksplodira-15749692	vijest	protiv	Peticija za novi odabir u manje od 24 sata skupila tisuće potpisa.	da
2026-09-25	jutarnji.hr	Otto Barić brutalno odgovorio Bobanu: ‘Nemoj mi pisati nešto što ne znaš ili ne razumiješ‘	https://www.jutarnji.hr/sportske/nogomet/otto-baric-odgovorio-bobanu-kritika-cijene-i-dizajna-novog-maksimira-15749937	vijest	protiv	Otto Barić oštro odgovara Bobanu na njegove izjave o cijeni alternativnih rješenja.	da
2026-09-25	jutarnji.hr	Pitali smo kako vam se sviđa novi stadion. Ovo je najpopularniji odgovor	https://www.jutarnji.hr/sportske/nogomet/anketa-vecina-protiv-novog-maksimira-traze-se-dorade-15749816	anketa	protiv	Rezultati ankete Jutarnjeg: 61 posto čitatelja uopće se ne sviđa novi stadion.	da
2026-09-25	jutarnji.hr	Poznati hrvatski arhitekt podbo Bobana i objavio zanimljiv video: ‘Kako reče Zvone...‘	https://www.jutarnji.hr/vijesti/hrvatska/fifa-98-razbukta-raspravu-slicnost-rasunda-novi-maksimir-otto-baric-15749680	video	protiv	Barić objavio isječak iz FIFA 98 koji podsjeća na odvojene tribine nagrađenog rada.	da
2026-09-25	jutarnji.hr	Ugledni ZG arhitekt upozorava: Novi Maksimir? Ta konzola ima čak 50 metara! A naš grad je na trusnom području...	https://www.jutarnji.hr/vijesti/zagreb/otto-baric-maksimir-konzola-50m-eurokod-potres-statika-troskovi-15749791	intervju	mjesovito	Arhitekt hvali rad, ali upozorava na konzolu od 50 metara i potresno područje.	da
2026-09-25	jutarnji.hr	VIDEO ‘Pustite ukuse, meni je jedna stvar važnija od izgleda! Bio sam na stadionu koji je uzor Maksimiru‘	https://www.jutarnji.hr/sportske/nogomet/pustite-ukuse-meni-je-jedna-stvar-vaznija-od-izgleda-bio-sam-na-stadionu-koji-je-uzor-maksimiru-15749857	video	pro	Sugovornik koji je bio na uzornom stadionu tvrdi da je funkcionalnost važnija od izgleda.	da
2026-09-25	jutarnji.hr	Vladimir Turina, arhitekt prvog Maksimira, u Zagrebu je želio sportsku arenu!	https://www.jutarnji.hr/vijesti/zagreb/povijest-stadiona-maksimir-turina-svetice-zapadna-tribina-arhitektura-15749932	analiza	neutralno	Povijesni tekst o Vladimiru Turini i njegovoj viziji zagrebačke arene.	da
2026-09-25	jutarnji.hr	Zašto je većina Hrvatske i Zagreba okrenula palac dolje? Ovo je osam najvećih pogrešaka novoga Maksimira	https://www.jutarnji.hr/sportske/nogomet/novi-maksimir-kritike-otvoreni-stadion-brutalizam-navijaci-15749991	analiza	protiv	Analiza navodi osam najvećih pogrešaka novog Maksimira.	da
2026-09-25	jutarnji.hr	Član žirija: ‘Diletanti nas neće pokolebati! Zašto napraviti zatvoreni lonac po uzoru na neke svjetske stadione?‘	https://www.jutarnji.hr/sportske/nogomet/nogomet-mix/ziri-jednoglasno-odabrao-otvoreni-stadion-maksimir-struka-brani-koncept-15749956	intervju	pro	Član žirija Nenad Fabijanić odbacuje kritike i najavljuje samo manje modifikacije.	da
2026-09-25	jutarnji.hr	Član žirija: ‘Diletanti nas neće pokolebati!‘ HDZ: ‘Ovo nije konačni odabir Maksimira‘	https://www.jutarnji.hr/vijesti/hrvatska/maksimir-hdz-tvrdi-da-rjesenje-nije-konacno-ziri-ne-mijenja-odluku-15749946	vijest	mjesovito	Fabijanić brani odluku, a HDZ poručuje da odabir nije konačan.	da
2026-09-25	jutarnji.hr	Šef ocjenjivačkog suda o novom Maksimiru: ‘Genijalno rješenje, remek-djelo!‘	https://www.jutarnji.hr/vijesti/zagreb/sef-ocjenjivackog-suda-o-novom-maksimiru-ovo-je-genijalno-rjesenje-remek-djelo-15749950	intervju	pro	Toma Plejić brani rješenje kao genijalno i futurističko.	da
2026-09-25	jutarnji.hr	Šef zagrebačkog HDZ-a oštro o projektu Maksimira: ‘Propuh za 200 milijuna eura našeg novca!‘	https://www.jutarnji.hr/vijesti/zagreb/raskol-hdz-novi-maksimir-matijevic-kritika-vg13-dinamo-15749764	vijest	protiv	Šef zagrebačkog HDZ-a Matijević nazvao projekt propuhom za 200 milijuna eura.	da
2026-09-25	jutarnji.hr	‘Promjena ne dolazi u obzir! Bila bi to sramota za Hrvatsku i Dinamo u tome ne želi sudjelovati‘	https://www.jutarnji.hr/sportske/nogomet/nogomet-mix/novi-maksimir-ostaje-potvrden-projekt-unatoc-kritikama-15749951	vijest	pro	Iz Dinama poručuju da bi promjena pobjedničkog rada bila sramota i da u tome ne žele sudjelovati.	da
2026-09-25	jutarnji.hr	‘Utrošili smo 200 mil. eura da bi sve bilo isto, pa i gore! Zvonu znam dugo, ne želim mu ovo...‘	https://www.jutarnji.hr/sportske/nogomet/zeljko-pavlicevic-kritizira-novi-maksimir-otvoren-premalen-promasen-15749978	intervju	protiv	Sportska legenda kritizira da se troši 200 milijuna eura za isto ili gore rješenje.	da
2026-09-25	karpatalja.ma	Olasz tervek alapján épül újjá a 114 éves zágrábi Maksimir Stadion	https://karpatalja.ma/karpatalja/sport/stadion-zagrab/	vijest	neutralno	Mađarski portal iz Zakarpatja prenosi da se Maksimir gradi po talijanskom projektu i otvara krajem 2030.	da
2026-09-25	klikni.hr	Pobjednički projekt novog Maksimira pod povećalom: Susjedni uredi i rodbinske veze	https://www.klikni.hr/aktualno/2026/09/25/pobjednicki-projekt-novog-maksimira-pod-povecalom-susjedni-uredi-i-rodbinske-veze/	analiza	protiv	Klikni.hr propituje veze između žirija i autora pobjedničkog rada.	da
2026-09-25	klikni.hr	Sviđa li vam se idejno rješenje novog Dinamovog stadiona na Maksimiru?	https://www.klikni.hr/aktualno/2026/09/25/svida-li-vam-se-idejno-rjesenje-novog-dinamovog-stadiona-na-maksimiru/	anketa	neutralno	Klikni.hr anketom pita sviđa li se čitateljima idejno rješenje.	da
2026-09-25	klix.ba	Novi stadion Dinama ismijavaju mnogi, a jedna kompanija je sve iskoristila za sjajnu promociju	https://www.klix.ba/biznis/ekonomija/novi-stadion-dinama-ismijavaju-mnogi-a-jedna-kompanija-je-sve-iskoristila-za-sjajnu-promociju-hvala-na-nominacijama/260925021	vijest	protiv	Klix.ba piše o ismijavanju projekta i Bauhausovoj reklami 'Hvala na nominacijama'.	da
2026-09-25	linkedin.com	Tariq Khayyat: #stadium #design #competition #zagreb (LinkedIn)	https://www.linkedin.com/posts/tariq-khayyat-441a781b0_stadium-design-competition-activity-7509183192470466560-P7Rk	natjecateljski-rad	neutralno	Osobna LinkedIn objava Tariqa Khayyata o prijedlogu.	snippet
2026-09-25	linkedin.com	tkdp | Tariq Khayyat Design Partners (LinkedIn)	https://www.linkedin.com/posts/tkdp-tariq-khayyat-design-partners_maksimirstadium-stadionmaksimir-zagreb-activity-7509166949025677312-sg6b	natjecateljski-rad	neutralno	Ista objava tkdp-a na LinkedInu.	da
2026-09-25	maksimir.domovina.ai	Glasanje javnosti za novi Stadion Maksimir	https://maksimir.domovina.ai/glasanje	projekt	neutralno	Glasanje s Certilijom, lancem hasheva, OpenTimestampsom i glasovima na Gnosisu; kod otvoren.	da
2026-09-25	maksimir.domovina.ai	maksimir.DOMOVINA.ai – natječajna dokumentacija 2026	https://maksimir.domovina.ai/	projekt	neutralno	Otvoreni arhiv natječaja sa svih 88 radova (ovaj projekt).	da
2026-09-25	maxportal.hr	Četiri laptopa! Je li novi Maksimir plagijat kompjutorske igrice	https://www.maxportal.hr/sport/cetiri-laptopa-je-li-novi-maksimir-plagijat-kompjutorske-igrice/	vijest	protiv	Maxportal prenosi tvrdnje da rješenje nalikuje prikazu iz računalne igre.	da
2026-09-25	mozzartsport.com	Novi Maksimir već na udaru: Liči na kutiju za alat, gradimo najskuplji spomenik komunizmu u Zagrebu	https://www.mozzartsport.com/fudbal/vesti/novi-maksimir-vec-na-udaru-lici-na-kutiju-za-alat-gradimo-najskuplji-spomenik-komunizmu-u-zagrebu/554813	vijest	protiv	Mozzart Sport prenosi kritike stranke Most i navijača koji projekt zovu kutijom za alat.	da
2026-09-25	n1info.hr	"Kutija za alat. Sklepano. Propuh-baraka. Novi najružniji..." Evo kako ste komentirali idejno rješenje novog stadiona u Maksimiru	https://n1info.hr/vijesti/kutija-za-alat-sklepano-propuh-baraka-novi-najruzniji-evo-kako-ste-komentirali-idejno-rjesenje-novog-stadiona-u-maksimiru/	vijest	protiv	N1 prenosi komentare čitatelja koji rješenje nazivaju kutijom za alat i propuh-barakom.	da
2026-09-25	n1info.hr	HDZ o novom Maksimiru: "To nije konačni odabir. Osluškujemo, respektiramo reakciju građana"	https://n1info.hr/vijesti/hdz-o-novom-maksimiru-osluskujemo-respektiramo-reakciju-gradjana/	vijest	mjesovito	HDZ: to nije konačni odabir, osluškujemo reakcije građana.	da
2026-09-25	n1info.hr	Novi stadion: Od vala kritika na internetu do pozitivnog mišljenja struke	https://n1info.hr/vijesti/novi-stadion-od-vala-kritika-na-internetu-do-pozitivnog-misljenja-struke/	analiza	mjesovito	N1 suprotstavlja val kritika na internetu pozitivnom mišljenju struke.	da
2026-09-25	n1info.hr	Pokrenuta peticija protiv idejnog rješenja novog Maksimira	https://n1info.hr/vijesti/pokrenuta-peticija-protiv-idejnog-rjesenja-novog-maksimira/	vijest	protiv	N1: pokrenuta peticija protiv idejnog rješenja, tisuće potpisa u jednom danu.	da
2026-09-25	n1info.hr	Član žirija za novi Maksimir: "Zamjena rada ne dolazi u obzir. Krafne ili palačinke nisu nam potrebne"	https://n1info.hr/vijesti/clan-zirija-za-novi-maksimir-zamjena-rada-ne-dolazi-u-obzir-krafne-ili-palacinke-nisu-nam-potrebne/	vijest	pro	Član žirija Fabijanić: zamjena rada ne dolazi u obzir.	da
2026-09-25	n1info.hr	Šef ocjenjivačkog suda o novom Maksimiru: Ovo je genijalno rješenje, remek-djelo!	https://n1info.hr/vijesti/sef-ocjenjivackog-suda-o-novom-maksimiru-ovo-je-genijalno-rjesenje-remek-djelo/	intervju	pro	Predsjednik ocjenjivačkog suda Plejić brani rješenje kao genijalno remek-djelo.	da
2026-09-25	nacional.hr	BOBAN SE OGLASIO 'Bit će korekcija na stadionu, otvori će se smanjiti, bit će plave boje, ali...'	https://www.nacional.hr/boban-se-oglasio-bit-ce-korekcija-na-stadionu-otvori-ce-se-smanjiti-bit-ce-plave-boje-ali/	vijest	mjesovito	Boban najavljuje korekcije: manji otvori, plava boja, uz zadržanu ideju.	da
2026-09-25	nacional.hr	BOCNUO BOBANA Poznati hrvatski arhitekt objavio stadion sličan novom Maksmiru, star je 30 godina: 'Kako reče Zvone...'	https://www.nacional.hr/bocnuo-bobana-poznati-hrvatski-arhitekt-objavio-stadion-slican-novom-maksmiru-star-je-30-godina-kako-rece-zvone/	vijest	protiv	Barić objavio stari švedski stadion sličan novom Maksimiru.	da
2026-09-25	nacional.hr	POBUNA PROTIV STADIONA Navijači masovno pišu peticiju! Evo koliko je potpisa skupljeno i koliko nedostaje za opoziv	https://www.nacional.hr/pobuna-protiv-stadiona-navijaci-masovno-pisu-peticiju-evo-koliko-je-potpisa-skupljeno-i-koliko-nedostaje-za-opoziv/	vijest	protiv	Nacional o broju potpisa na peticiji za opoziv.	da
2026-09-25	nacional.hr	SVI SE ČUDE I Ivana Perišića pitali o stadionu u Maksimiru. Evo kako je reagirao	https://www.nacional.hr/svi-se-cude-i-ivana-perisica-pitali-o-stadionu-u-maksimiru-evo-kako-je-reagirao/	vijest	neutralno	Ivan Perišić upitan o stadionu u Maksimiru.	da
2026-09-25	nacional.hr	TKO TU KOGA Šef zagrebačkog HDZ-a popljuvao Maksimir, mladež HDZ-a ga nahvalila pa promijenili mišljenje!	https://www.nacional.hr/tko-tu-koga-sef-zagrebackog-hdz-a-popljuvao-maksimir-mladez-hdz-a-ga-nahvalila-pa-promijenili-misljenje/	vijest	protiv	Nacional: šef zagrebačkog HDZ-a kritizira rješenje dok ga je HDZ-ova mladež hvalila.	da
2026-09-25	net.hr	Bauhaus se oglasio o novom Maksimiru: 'Hvala na nominacijama'	https://net.hr/sport/nogomet/i-bauhaus-o-novom-maksimiru-fc2640b4-b8b9-11f1-936f-9600040c8f8e	vijest	protiv	Bauhaus se šaljivo zahvalio na nominacijama zbog usporedbe s kutijom za alat.	da
2026-09-25	net.hr	Boban branio projekt, Barić ga dočekao bez rukavica: 'Nemoj mi pisati o nečemu što ne razumiješ'	https://net.hr/sport/nogomet/otto-baric-odgovorio-zvonimiru-bobanu-zbog-projekta-novog-maksimira-329b3457-b904-11f1-936f-9600040c8f8e	vijest	protiv	Barić oštro odgovara Bobanu u polemici o projektu.	da
2026-09-25	net.hr	Hrvati nisu baš impresionirani novim Maksimirom: 'Bolje bi ideje dali osnovnoškolci'	https://net.hr/danas/rtl-danas/hrvati-nisu-bas-impresionirani-novim-maksimirom-78e050a1-b8ea-11f1-936f-9600040c8f8e	video	protiv	RTL prilog o nezadovoljstvu građana koji kažu da bi bolje ideje dali osnovnoškolci.	da
2026-09-25	net.hr	Hrvatska bruji o novom Maksimiru: 'Samo da ga prije gradnje ne srušimo. Treba slušati glas naroda'	https://net.hr/sport/nogomet/branko-karacic-u-maksanovom-korneru-o-novom-maksimiru-020b4bb1-b8d0-11f1-936f-9600040c8f8e	intervju	mjesovito	Branko Karačić u podcastu Net.hr traži da se sluša glas naroda prije gradnje.	da
2026-09-25	net.hr	Ne prestaje ruganje s izgledom novog Maksimira, memovi pljušte na sve strane	https://net.hr/webcafe/svastara/ne-prestaje-ruganje-s-izgledom-novog-maksimira-memovi-pljuste-na-sve-strane-9e10a17a-b8b2-11f1-936f-9600040c8f8e	galerija	protiv	Pregled memova kojima se ismijava izgled novog Maksimira.	da
2026-09-25	net.hr	Ne prestaju stizati reakcije na novi Maksimir, pazite što pišu naši susjedi	https://net.hr/sport/nogomet/reakcije-iz-hrvatskog-susjednstva-na-novi-maksimir-0d9fad24-b8b6-11f1-936f-9600040c8f8e	analiza	protiv	Pregled podsmješljivih reakcija medija iz susjedstva.	da
2026-09-25	net.hr	Ne stišava se bura oko novog Maksimira: Evo što kažu bivši i sadašnji Vatreni	https://net.hr/danas/rtl-danas/ne-stisava-se-bura-oko-novog-maksimira-evo-sto-kazu-bivsi-i-sadasnji-vatreni-2a53ceae-b900-11f1-936f-9600040c8f8e	video	mjesovito	Bivši i sadašnji reprezentativci iznose podijeljena mišljenja o novom Maksimiru.	da
2026-09-25	net.hr	Pogledajte svih 88 prijedloga za novi Maksimir: Stvarno je bilo svega	https://net.hr/sport/nogomet/svih-88-prijedloga-za-novi-maksimir-bd8c002a-b8c2-11f1-936f-9600040c8f8e	galerija	neutralno	Galerija svih 88 prijedloga za novi Maksimir.	da
2026-09-25	net.hr	Poznati arhitekt poslao poruku Bobanu o novom Maksimiru: 'Kako reče Zvone...'	https://net.hr/sport/nogomet/poznati-arhitekt-poslao-poruku-bobanu-o-novom-maksimiru-kako-rece-zvone-325c4942-b8a8-11f1-936f-9600040c8f8e	vijest	protiv	Otto Barić porukom na mrežama bocnuo Bobana zbog novog Maksimira.	da
2026-09-25	net.hr	Rene Bitorajac narugao se novom Maksimiru, videosnimka postala viralni hit	https://net.hr/hot/zvijezde/rene-bitorajac-sprdao-novi-maksimir-uz-scenu-iz-kultne-serije-predlozio-i-ime-stadiona-b1d76d2a-b8c7-11f1-936f-9600040c8f8e	video	protiv	Viralni video Renea Bitorajca koji se ruga novom Maksimiru.	da
2026-09-25	net.hr	Stiglo objašnjenje: Povjerenstvo otkrilo zašto je izabran baš ovakav novi Maksimir	https://net.hr/sport/nogomet/stiglo-objasnjenje-povjerenstvo-otkrilo-zasto-je-izabran-bas-ovakav-novi-maksimir-476047c2-b921-11f1-936f-9600040c8f8e	vijest	pro	Ocjenjivački sud objašnjava zašto je izabrano VG13 rješenje.	da
2026-09-25	net.hr	Vrije u HDZ-u zbog novog Maksimira! Pale teške riječi: 'Betonsko groblje. Propuh za 200 mil. eura'	https://net.hr/danas/vijesti/sukob-u-zagrebackom-hdz-u-zbog-novog-maksimira-matijevic-ga-nazvao-betonskim-grobljem-3a3d57a9-b8ca-11f1-936f-9600040c8f8e	vijest	mjesovito	Mladež HDZ-a hvali stadion, a šef zagrebačkog HDZ-a ga naziva betonskim grobljem.	da
2026-09-25	novilist.hr	Novi stadion: Od vala kritika na internetu do pozitivnog mišljenja struke	https://www.novilist.hr/novosti/hrvatska/novi-stadion-od-vala-kritika-na-internetu-do-pozitivnog-misljenja-struke/	analiza	mjesovito	Novi list: od vala kritika na internetu do pozitivnog mišljenja struke.	da
2026-09-25	podcast:Podcast 8_24	Boban - jedan od njih / Profa nije uspio skratit	https://www.youtube.com/watch?v=JQUzAV1TAFw	podcast	protiv	Podcast 8_24 o Bobanu („jedan od njih”), s poveznicama na peticije (21.078 pregleda 28.9.).	da
2026-09-25	podcast:Podcast 8_24	Tema - Novi Maksimir / Dvajsčetvorka #283	https://www.youtube.com/watch?v=13dwHocuTHE	podcast	protiv	Podcast 8_24 (Naglić, Škoro, Profa) tema Novi Maksimir, s poveznicama na obje peticije (19.953 pregleda 28.9.).	da
2026-09-25	reddit:askCroatians	Novi Dinamo stadion - balkansko-mafijaški posao?	https://www.reddit.com/r/askCroatians/comments/1wpomj2/novi_dinamo_stadion_balkanskomafijaški_posao/	reddit	protiv	Usporedba s modelom stadiona iz igre FIFA 98 i sumnja u „mafijaški posao”.	da
2026-09-25	reddit:askCroatians	Stadion i korupcija vol.2	https://www.reddit.com/r/askCroatians/comments/1wpsn8m/stadion_i_korupcija_vol2/	reddit	protiv	Tvrdnje o obiteljskim vezama Bobana s akterima projekta, bez izvora.	da
2026-09-25	reddit:dinamo	Bilo je dosta	https://www.reddit.com/r/dinamo/comments/1wprm2m/bilo_je_dosta/	reddit	protiv	Objava u r/dinamo: Kad Boban petlja s kupovinama igrača, potjera dobre ali nepokorne, a dobro šef je, valjda zna što radi. Kad Boban uporno drži Kovačevića s k…	da
2026-09-25	reddit:dinamo	Grafički prilozi svih radova i izvješće o odabiru - novi stadion	https://www.reddit.com/r/dinamo/comments/1wpp8le/grafički_prilozi_svih_radova_i_izvješće_o_odabiru/	reddit	neutralno	Poveznice na grafičke priloge svih radova i izvješće žirija.	da
2026-09-25	reddit:dinamo	Moj prijedlog za Dinamov stadion u duhu grada Zagreba	https://www.reddit.com/r/dinamo/comments/1wpt9mf/moj_prijedlog_za_dinamov_stadion_u_duhu_grada/	reddit	protiv	Objava u r/dinamo: Smatram da ako zelimo unikatan stadion koji bi odrazavao grad Zagreb da bi ovako trebao izgledat.…	da
2026-09-25	reddit:dinamo	ODVOJENE TRIBINE	https://www.reddit.com/r/dinamo/comments/1wpnyzr/odvojene_tribine/	reddit	protiv	Objava u r/dinamo: Ako se je vec islo na odvojene tribine, da se sačuva štih starog stadiona, zašto se nije išlo s ovime majku mu... nije ni ovo neko blago, al…	da
2026-09-25	reddit:dinamo	Ovo je stadion koji Dinamo zaslužuje	https://www.reddit.com/r/dinamo/comments/1wpr3kk/ovo_je_stadion_koji_dinamo_zaslužuje/	reddit	pro	Rijetka obrana: odabrani dizajn je idealan za Dinamo zbog engleske navijačke kulture.	da
2026-09-25	reddit:dinamo	Zašto novi Maksimir ima samo 35.000 mjesta?	https://www.reddit.com/r/dinamo/comments/1wps9qz/zašto_novi_maksimir_ima_samo_35000_mjesta/	reddit	protiv	Objava u r/dinamo: Mislim da smo svi već shvatili da dizajn novog stadiona nije baš oduševio većinu ljudi i da se vjerojatno moglo napraviti puno bolje. Ali…	da
2026-09-25	reddit:hreddit	Usporedba s Maksimirom	https://www.reddit.com/r/hreddit/comments/1wpqlmg/usporedba_s_maksimirom/	reddit	protiv	Objava u r/hreddit: Zašto je Maksimir ljepši? Zašto su naši samoprozvani progresivci pametniji? Ovo su samo neki primjeri…	da
2026-09-25	reddit:hrvatska	Mladež HDZ-a hvali novi Maksimir. Šef zagrebačkog HDZ-a: Propuh za 200 milijuna eura	https://www.reddit.com/r/hrvatska/comments/1wpu8g1/mladež_hdza_hvali_novi_maksimir_šef_zagrebačkog/	reddit	mjesovito	Objava u r/hrvatska; poveznica ili slika bez teksta	da
2026-09-25	reddit:zagreb_no1	3D model pobjedničkog stadiona rekonstruiran iz objavljenih podataka	https://www.reddit.com/r/zagreb_no1/comments/1wppzqf/3d_model_pobjedničkog_stadiona_rekonstruiran_iz/	reddit	neutralno	Autor dijeli 3D rekonstrukciju pobjedničkog stadiona na zagreb.lol.	da
2026-09-25	sirrah.hr	Maksimir Stadium | Sirrah	https://www.sirrah.hr/en/projekti/stadion-maksimir	natjecateljski-rad	neutralno	Zagrebački Sirrah projekt objavljuje svoj rad za stadion UEFA kategorije 4 na webu (datum približan).	da
2026-09-25	slobodnadalmacija.hr	Dinamovi navijači nisu zadovoljni novim Maksimirom, kruži peticija, traži se opoziv	https://slobodnadalmacija.hr/sport/domaci-nogomet/a-1580793	vijest	protiv	Slobodna Dalmacija: nezadovoljni navijači pokreću peticiju za opoziv.	da
2026-09-25	slobodnadalmacija.hr	Oglasio se autor novog Maksimira. Kritike pljušte, a evo što on kaže...	https://slobodnadalmacija.hr/sport/domaci-nogomet/oglasio-se-autor-novog-maksimira-evo-sto-je-rekao-1580867	vijest	pro	Autor pobjedničkog rada odgovara na kritike.	da
2026-09-25	slobodnadalmacija.hr	Splićani, je li vam sad jasno zašto je Poljud remek-djelo? Manite se luđačkih ambicija...	https://slobodnadalmacija.hr/split-i-zupanija/split/splicani-jel-vam-sad-jasno-zasto-je-poljud-remek-djelo-gasite-bagere-i-ruskilacke-ambicije-dok-se-nismo-osramotili-1580940	kolumna	protiv	Slobodna Dalmacija uspoređuje s Poljudom i upozorava Split na slične ambicije.	da
2026-09-25	slobodnadalmacija.hr	VIDEO Bitorajac se izrugao novom Maksimiru: izvukao legendarnu scenu pa predložio i ime stadiona...	https://slobodnadalmacija.hr/mozaik/scena/showbiz/video-bitorajac-se-izrugao-novom-maksimiru-izvukao-legendarnu-scenu-pa-predlozio-i-ime-stadiona-1580807	video	protiv	Bitorajac se u videu ruga novom Maksimiru i predlaže ime stadiona.	da
2026-09-25	sportklub.hr	Pokrenuta peticija protiv predloženog izgleda Maksimira	https://sportklub.hr/nogomet/pokrenuta-peticija-protiv-predlozenog-izgleda-maksimira/	vijest	protiv	Sportklub: pokrenuta peticija protiv predloženog izgleda.	da
2026-09-25	sportklub.hr	Član žirija: 'Diletanti nas neće pokolebati! Nismo željeli da je Maksimir zatvoreni lonac'	https://sportklub.hr/nogomet/clan-zirija-diletanti-nas-nece-pokolebati-nismo-zeljeli-da-je-maksimir-zatvoreni-lonac/	vijest	pro	Član žirija: diletanti nas neće pokolebati, nismo htjeli zatvoreni lonac.	da
2026-09-25	sportnet.hr	90 posto vas mrzi novi Maksimir. Evo zašto mislim da ćete promijeniti mišljenje kad ga izgrade	https://sportnet.hr/kolumne/originalno/90-posto-vas-mrzi-novi-maksimir-evo-zasto-mislim-da-cete-promijeniti-misljenje-kad-ga-izgrade/632477/	kolumna	pro	Kolumnist tvrdi da će čitatelji promijeniti mišljenje kad stadion bude izgrađen.	da
2026-09-25	sportnet.hr	Bivši dinamovac žestoko kritizirao novi Maksimir: 'Ovo rješenje jednostavno nije prihvatljivo'	https://sportnet.hr/vijesti/nogomet-supersport-hnl/bivsi-dinamovac-zestoko-kritizirao-novi-maksimir-ovo-rjesenje-jednostavno-nije-prihvatljivo/632450/	vijest	protiv	Bivši dinamovac Mihael Mikić: rješenje jednostavno nije prihvatljivo.	da
2026-09-25	sportnet.hr	Maksimir nema predivno novo ruho - Maksimir je gol!	https://sportnet.hr/vijesti/originalno/maksimir-nema-predivno-novo-ruho-maksimir-je-gol/632445/	kolumna	protiv	Kolumna tvrdi da je umjesto čudesnog stadiona dobivena bezlična betonska konstrukcija.	da
2026-09-25	sportnet.hr	Tisuće građana potpisale peticiju protiv novog Maksimira, traži se preispitivanje odluke	https://sportnet.hr/vijesti/nogomet-supersport-hnl/tisuce-gradjana-potpisale-peticiju-protiv-novog-maksimira-trazi-se-preispitivanje-odluke/632448/	vijest	protiv	Tisuće građana potpisale peticiju za preispitivanje odluke.	da
2026-09-25	sportnet.hr	Šef ocjenjivačkog suda odgovorio na kritike novog Maksimira: 'Ovo je remek-djelo i genijalno rješenje'	https://sportnet.hr/vijesti/nogomet-supersport-hnl/sef-ocjenjivackog-suda-odgovorio-na-kritike-novog-maksimira-ovo-je-remek-djelo-i-genijalno-rjesenje/632486/	intervju	pro	Toma Plejić: remek-djelo i genijalno rješenje.	da
2026-09-25	studio127-1.com	MAKSIMIR STADIUM — Studio 127_1	https://studio127-1.com/maksimir-stadium	natjecateljski-rad	neutralno	Studio 127_1 iz Yaoundéa (Kamerun) objavljuje prijedlog prozirnog stadiona kao otvorene urbane destinacije (datum približan).	snippet
2026-09-25	telegram.hr	Barić uzvratio Bobanu: 'Zvone dragi, ja tebi ne pišem koga kupiti ili prodati'	https://www.telegram.hr/vijesti/baric-uzvratio-bobanu-zbog-tvrdnje-stadionu-od-milijardu-eura-zvone-dragi-ja-tebi-ne-pisem-koga-kupiti-ili-prodati/	vijest	protiv	Barić uzvraća Bobanu zbog tvrdnji o trošku stadiona.	da
2026-09-25	telegram.hr	Bauhaus se priključio šali oko novog Maksimira	https://www.telegram.hr/telesport/na-prvu/sali-oko-novog-maksimira-prikljucio-se-i-trgovacki-lanac-koji-je-objavio-svoj-stadion-u-kutiji-za-alat/	vijest	protiv	Telegram: Bauhaus se priključio šali oko novog Maksimira.	da
2026-09-25	telegram.hr	HDZ-ovci jučer klicali novom stadionu, zahvaljivali Plenkoviću, a jutros naglo okrenuli ploču	https://www.telegram.hr/politika-kriminal/hdz-ovci-klicali-novom-stadionu-zahvaljivali-plenkovicu-a-onda-naglo-okrenuli-plocu-zar-je-stvarno-dostojan/	analiza	protiv	Telegram: HDZ-ovci su hvalili stadion pa nakon kritika okrenuli ploču.	da
2026-09-25	telegram.hr	Lijevo stari stadion u Švedskoj, desno novi Maksimir. Barić podbada Bobana: 'Kako reče Zvone...'	https://www.telegram.hr/vijesti/lijevo-prastari-stadion-u-svedskoj-desno-novi-maksimir-arhitekt-baric-podbada-bobana-kako-rece-zvone/	vijest	protiv	Barić podbada Bobana usporedbom sa starim švedskim stadionom.	da
2026-09-25	telegram.hr	Pojavila se peticija za povlačenje dizajna novog Maksimira	https://www.telegram.hr/telesport/na-prvu/narod-je-toliko-nezadovoljan-dizajnom-novog-maksimira-da-se-pojavila-peticija-za-povlacenje-rjesenja/	vijest	protiv	Telegram: pojavila se peticija za povlačenje dizajna.	da
2026-09-25	telegram.hr	Slušala sam što ljudi u kafiću govore o vlasti, zdravstvu i Maksimiru. Političari, zabrinite se!	https://www.telegram.hr/komentari/slusala-sam-sto-ljudi-u-kaficu-govore-o-vlasti-zdravstvu-i-novom-maksimiru-politicari-bi-se-trebali-jako-zabrinuti/	kolumna	protiv	Telegramova kolumnistica bilježi ogorčenje ljudi u kafiću zbog Maksimira.	da
2026-09-25	telegram.hr	Tomislav Ivković o novom Maksimiru: 'Stadion će vjerojatno izgledati puno drugačije, impozantnije'	https://www.telegram.hr/telesport/na-prvu/tomislav-ivkovic-o-novom-maksimiru-mi-koji-nismo-zavrsili-arhitekturu-to-i-ne-mozemo-bas-najbolje-komentirati/	intervju	mjesovito	Tomislav Ivković: stadion će vjerojatno izgledati drugačije i impozantnije.	da
2026-09-25	telegram.hr	Član žirija: 'Da se pod utjecajem javnosti mijenja odluka o Maksimiru? Ne dolazi u obzir'	https://www.telegram.hr/vijesti/clan-zirija-koji-je-jednoglasno-odabrao-novi-maksimir-da-se-pod-utjecajem-javnosti-mijenja-odluka-ne-dolazi-u-obzir/	vijest	pro	Član žirija: mijenjanje odluke pod pritiskom javnosti ne dolazi u obzir.	da
2026-09-25	telegram.hr	Šef zagrebačkog HDZ-a: 'Gutao sam suzavce za Dinamo, novi Maksimir nikad neće biti naš dom'	https://www.telegram.hr/politika-kriminal/sef-zagrebackog-hdz-a-devedesetih-sam-gutao-suzavce-za-dinamo-novi-maksimir-nikad-nece-biti-nas-dom/	vijest	protiv	Šef zagrebačkog HDZ-a: novi Maksimir nikad neće biti naš dom.	da
2026-09-25	telegram.hr	Šef žirija za novi Maksimir odgovorio kritičarima: ‘Duboko smo uvjereni da je ovo genijalno rješenje, remek-djelo’	https://www.telegram.hr/vijesti/sef-zirija-za-novi-maksimir-odgovorio-kriticarima-duboko-smo-uvjereni-da-je-ovo-genijalno-rjesenje-remek-djelo/	intervju	pro	Šef žirija Plejić: duboko smo uvjereni da je ovo genijalno rješenje.	da
2026-09-25	thestadiumbusiness.com	VG13 Architects lands contract for new Stadion Maksimir	https://www.thestadiumbusiness.com/2026/09/25/vg13-architects-lands-contract-for-new-stadion-maksimir/	vijest	neutralno	TheStadiumBusiness javlja da je VG13 nadmašio više od 80 prijedloga i dobiva ugovor za projektiranje.	snippet
2026-09-25	tportal.hr	Arhitekt upozorio na veliki izazov novog Maksimira: 'Nitko ne želi da konzola od 50 metara padne'	https://www.tportal.hr/vijesti/clanak/arhitekt-upozorio-na-veliki-izazov-novog-maksimira-nitko-ne-zeli-da-konzola-od-50-metara-padne-foto-20260925	vijest	mjesovito	Otto Barić smatra rad zanimljivim, ali upozorava na konzolu od 50 metara.	da
2026-09-25	tportal.hr	Boban odgovorio na burne reakcije zbog Maksimira: 'Bit će korekcija, sve će se približiti onome što ljudi žele'	https://www.tportal.hr/vijesti/clanak/boban-odgovorio-na-burne-reakcije-bit-ce-korekcija-sve-ce-se-pribliziti-onome-sto-ljudi-zele-20260925	vijest	pro	Boban najavljuje korekcije kojima će se projekt približiti željama ljudi.	da
2026-09-25	tportal.hr	Boban otkrio informaciju koja će razveseliti navijače Dinama oko novog stadiona	https://www.tportal.hr/sport/clanak/boban-otkrio-informaciju-koja-ce-razveseliti-navijace-dinama-oko-novog-stadiona-20260925	vijest	pro	Boban otkriva da će stadion dobiti plavu boju.	da
2026-09-25	tportal.hr	Dvije kontroverze oko novog Maksimira i Zvonimira Bobana: Što je činjenica, a što samo glasina	https://www.tportal.hr/vijesti/clanak/dvije-kontroverze-oko-novog-maksimira-i-zvonimira-bobana-sto-je-cinjenica-a-sto-samo-glasina-foto-20260925	analiza	neutralno	Provjera činjenica o dvije kontroverze: sukob interesa u žiriju i Bobanov nećak.	da
2026-09-25	tportal.hr	Ivkovićev komentar na projekt Dinamovog stadiona je vrh: Meni je moja žena najljepša, nekome možda i nije	https://www.tportal.hr/sport/clanak/ivkovicev-komentar-na-projekt-dinamovog-stadiona-je-vrh-meni-je-moja-zena-najljepsa-nekome-mozda-i-nije-20260925	vijest	pro	Tomislav Ivković duhovito brani projekt usporedbom s ukusom.	da
2026-09-25	tportal.hr	Iz Dinama je stigla jasna poruka oko novog stadiona: 'Bila bi to sramota, nećemo u tome sudjelovati'	https://www.tportal.hr/sport/clanak/iz-dinama-je-stigla-jasna-poruka-oko-novog-stadiona-bila-bi-to-sramota-necemo-u-tome-sudjelovati-foto-20260925	vijest	pro	Neslužbeno iz Dinama: promjena pobjedničkog rada bila bi sramota.	da
2026-09-25	tportal.hr	Legendarni Hrvat: Novi Maksimir mi je na prvu katastrofa	https://www.tportal.hr/sport/clanak/legendarni-hrvat-novi-maksimir-mi-je-na-prvu-katastrofa-20260925	intervju	protiv	Dubravko Šimenc: novi Maksimir na prvu je katastrofa.	da
2026-09-25	tportal.hr	Mogao je izgledati i ovako: Hrvatski arhitekti pokazali svoje vizije novog Maksimira	https://www.tportal.hr/vijesti/clanak/mogao-je-izgledati-i-ovako-hrvatski-arhitekti-pokazali-svoje-vizije-novog-maksimira-20260925	galerija	neutralno	Hrvatski arhitekti objavljuju svoje natječajne vizije novog Maksimira.	da
2026-09-25	tportal.hr	Novi Maksimir pod paljbom kritika, oglasio se predsjednik žirija: 'Daleko najbolji rad, remek-djelo'	https://www.tportal.hr/vijesti/clanak/novi-maksimir-pod-paljbom-kritika-oglasio-se-predsjednik-zirija-daleko-najbolji-rad-foto-20260925	intervju	pro	Toma Plejić: daleko najbolji rad i remek-djelo.	da
2026-09-25	tportal.hr	Novi spor oko stadiona Maksimir: Jesu li tribine morale biti povezane? Evo što kaže šef žirija	https://www.tportal.hr/vijesti/clanak/novi-spor-oko-stadiona-maksimir-jesu-li-tribine-morale-biti-povezane-evo-sto-kaze-sef-zirija-foto-20260925	analiza	mjesovito	Spor je li rješenje prekršilo zahtjev natječaja o povezanim tribinama i Plejićev odgovor.	da
2026-09-25	tportal.hr	Novi stadion izazvao pomutnju u HDZ-u: Ministar podržao projekt, šef zagrebačkog HDZ-a ga sasjekao	https://www.tportal.hr/vijesti/clanak/novi-stadion-izazvao-pomutnju-u-hdz-u-ministar-podrzao-projekt-sef-zagrebackog-hdz-a-ga-sasjekao-foto-20260925	vijest	mjesovito	Ministar Glavina podržao projekt, a šef zagrebačkog HDZ-a ga kritizirao.	da
2026-09-25	tportal.hr	Novi stadion je vrlo sličan objektu iz videoigrice? 'Jedinstveni Maksimir'	https://www.tportal.hr/vijesti/clanak/novi-stadion-je-vrlo-slican-objektu-iz-videoigrice-jedinstveni-maksimir-20260925	video	protiv	Otto Barić objavio snimku stadiona iz videoigre sličnog pobjedniku.	da
2026-09-25	tportal.hr	Otto Barić odgovorio Bobanu: 'Nemoj meni pisati nešto što ne znaš. A mogući nepotizam?'	https://www.tportal.hr/vijesti/clanak/otto-baric-odgovorio-bobanu-nemoj-meni-pisati-nesto-sto-ne-znas-a-moguci-nepotizam-foto-20260925	vijest	protiv	Otto Barić odgovara Bobanu i spominje mogući nepotizam.	da
2026-09-25	tportal.hr	Pokrenuta peticija protiv novog Maksimira: Evo koliko je potpisa dosad prikupljeno	https://www.tportal.hr/vijesti/clanak/pokrenuta-peticija-protiv-novog-maksimira-evo-koliko-je-potpisa-dosad-prikupljeno-foto-20260925	vijest	protiv	Peticija navijača na Peticije.hr protiv novog Maksimira prikuplja potpise.	da
2026-09-25	tportal.hr	Susjedi šokirani novim Maksimirom: 'Otvorena kartonska kutija'	https://www.tportal.hr/sport/clanak/susjedi-sokirani-novim-maksimirom-otvorena-kartonska-kutija-20260925	analiza	protiv	Susjedni mediji rješenje nazivaju otvorenom kartonskom kutijom.	da
2026-09-25	tportal.hr	Sve što trebate znati o novom Maksimiru: Može li pasti pobjednički projekt i što slijedi?	https://www.tportal.hr/vijesti/clanak/sve-sto-trebate-znati-o-novom-maksimiru-moze-li-pasti-pobjednicki-projekt-i-sto-slijedi-foto-20260925	analiza	neutralno	Pregled svega o novom Maksimiru i može li pobjednički projekt pasti.	da
2026-09-25	tportal.hr	Zašto je pobijedio baš ovaj Maksimir? Evo kako je žiri objasnio što ih je osvojilo, no traže i promjene	https://www.tportal.hr/vijesti/clanak/zasto-je-pobijedio-bas-ovaj-maksimir-evo-kako-je-ziri-objasnio-sto-ih-je-osvojilo-no-traze-i-promjene-foto-20260925	vijest	mjesovito	Obrazloženje žirija za odabir, uz preporuke za izmjene projekta.	da
2026-09-25	tportal.hr	Član žirija za novi Maksimir: 'Zamjena pobjedničkog rada ne dolazi u obzir. Krafne ili palačinke nisu nam potrebne'	https://www.tportal.hr/vijesti/clanak/clan-zirija-za-novi-maksimir-zamjena-pobjednickog-rada-ne-dolazi-u-obzir-foto-20260925	intervju	pro	Fabijanić: zamjena pobjedničkog rada ne dolazi u obzir.	da
2026-09-25	vecernji.hr	'Bit će korekcija, sve će se približiti onome što ljudi žele'	https://www.vecernji.hr/sport/o-novom-maksimiru-bit-ce-korekcija-sve-ce-se-pribliziti-onome-sto-ljudi-zele-1998530	vijest	pro	Boban najavljuje korekcije kojima će se projekt približiti željama ljudi.	da
2026-09-25	vecernji.hr	Boban kaže da grli identitet Dinamovaca: Ovo je sve što morate znati o novom stadionu Dinama	https://www.vecernji.hr/sport/boban-kaze-da-grli-identitet-dinamovaca-ovo-je-sve-sto-morate-znati-o-novom-stadionu-dinama-1998362	analiza	pro	Pregled svega o novom stadionu uz Bobanovu tezu da projekt grli identitet dinamovaca.	da
2026-09-25	vecernji.hr	FOTO Pogledajte rješenja za Maksimir koja nisu pobijedila na natječaju: Pali i najveći svjetski arhitekti	https://www.vecernji.hr/sport/foto-pogledajte-rjesenja-za-maksimir-koja-nisu-pobijedili-na-natjecaju-pali-i-najveci-svjetski-arhitekti-1998389	galerija	neutralno	Galerija nepobjedničkih rješenja, uključujući radove svjetski poznatih arhitekata.	da
2026-09-25	vecernji.hr	FOTO Voditelj Dnevnika Nove TV usprotivio se izgledu novog Maksimira. Pogledajte što je objavio	https://www.vecernji.hr/showbiz/foto-voditelj-dnevnika-nove-tv-usprotivio-se-izgledu-novog-maksimira-pogledajte-sto-je-objavio-1998536	vijest	protiv	Voditelj Dnevnika Nove TV Saša Kopljar javno izrazio nezadovoljstvo izgledom novog Maksimira.	da
2026-09-25	vecernji.hr	HDZ nakon reakcija na novi Maksimir: 'To nije konačni odabir, nego prijedlog žirija'	https://www.vecernji.hr/vijesti/hdz-nakon-reakcija-na-novi-maksimir-to-nije-konacni-odabir-nego-prijedlog-zirija-1998582	vijest	mjesovito	HDZ tvrdi da rješenje nije konačni odabir nego prijedlog žirija.	da
2026-09-25	vecernji.hr	Igor Štimac otkrio svoje mišljenje o Dinamovom novom stadionu: 'Želim da izaberu najbolje za hrvatski nogomet'	https://www.vecernji.hr/sport/igor-stimac-jasno-dao-do-znanja-sto-misli-o-dinamovom-stadionu-zelim-da-izaberu-najbolje-za-hrvatski-nogomet-1998633	vijest	mjesovito	Igor Štimac smatra da je navijačima trebalo dati utjecaj na konačni izbor.	da
2026-09-25	vecernji.hr	Ivković o novom Maksimiru: 'Pustite ankete, slike su jedno, stvarnost je drugačija'	https://www.vecernji.hr/sport/ivkovic-o-novom-maksimiru-pustite-ankete-slike-su-jedno-stvarnost-je-drugacija-1998455	vijest	pro	Tomislav Ivković poziva na strpljenje jer se slike razlikuju od stvarnosti.	da
2026-09-25	vecernji.hr	Lažna priča o Bobanovu nećaku i stadionu proširila se internetom: On se oglasio	https://www.vecernji.hr/vijesti/lazna-prica-o-bobanovu-necaku-i-stadionu-prosirila-se-internetom-on-se-oglasio-1998672	vijest	neutralno	Bobanov nećak demantira lažnu priču da je arhitekt pobjedničkog studija.	da
2026-09-25	vecernji.hr	Oglasio se autor novog Maksimira: 'Želimo biti precizni u svemu što komuniciramo'	https://www.vecernji.hr/sport/oglasio-se-autor-novog-maksimira-zelimo-biti-precizni-u-svemu-sto-komuniciramo-1998549	vijest	pro	Autori VG13 prvi se put oglašavaju i poručuju da žele precizno komunicirati projekt.	da
2026-09-25	vecernji.hr	Otto Barić uzvratio Bobanu: 'Zvone dragi, ja tebi ne pišem koga kupiti ili prodati…'	https://www.vecernji.hr/vijesti/otto-baric-uzvratio-bobanu-zvone-dragi-ja-tebi-ne-pisem-koga-kupiti-ili-prodati-1998635	vijest	protiv	Otto Barić uzvraća Bobanu na izjave o alternativnim rješenjima.	da
2026-09-25	vecernji.hr	VIDEO Rene Bitorajac objavio urnebesnu snimku o novom Maksimiru (uklonjeno)	https://www.vecernji.hr/vijesti/video-rene-bitorajac-objavio-urnebesnu-snimku-o-novom-maksimiru-trazimo-i-ime-1998503	uklonjeno		Članak vraća 404 („stranica je uklonjena”) na dan 28.9.2026.; nema snimke u Wayback arhivu.	da
2026-09-25	vecernji.hr	Član žirija o kritikama novog Maksimira: 'Zamjena pobjedničkog rada ne dolazi u obzir, palačinke ne trebaju Zagrebu'	https://www.vecernji.hr/vijesti/clan-zirija-o-kritikama-novog-maksimira-zamjena-pobjednickog-rada-ne-dolazi-u-obzir-palacinke-ne-trebaju-zagrebu-1998469	intervju	pro	Nenad Fabijanić: zamjena pobjedničkog rada ne dolazi u obzir.	da
2026-09-25	vijesti.hrt.hr	Idejno rješenje za stadion na Maksimiru izazvalo reakcije zastupnika	https://vijesti.hrt.hr/hrvatska/idejno-rjesenje-za-stadion-na-maksimiru-izazvalo-reakcije-zastupnika-12925245	vijest	mjesovito	HRT: idejno rješenje izazvalo podijeljene reakcije saborskih zastupnika.	da
2026-09-25	vijesti.hrt.hr	Novi maksimirski stadion užario Zagreb: salve kritika na idejno rješenje	https://vijesti.hrt.hr/hrvatska/novi-stadion-od-vala-kritika-na-internetu-do-pozitivnog-misljenja-struke-12925472	analiza	mjesovito	HRT: salve kritika javnosti na idejno rješenje uz pozitivnije mišljenje struke.	da
2026-09-25	youtube.com	Maksimir Stadium, Zagreb — Competition Entry by TVORZI	https://www.youtube.com/watch?v=0SsugC3IxXQ	video	neutralno	YouTube video TVORZI-ja s prikazom natječajnog rada.	da
2026-09-25	youtube:HRT vijesti	Reakcije na novi stadion u Maksimiru	https://www.youtube.com/watch?v=WdcUGG8kZ1M	video	protiv	HRT: nezadovoljstvo dijela javnosti i navijača, pokrenuta peticija (15.633 pregleda 28.9.).	da
2026-09-25	youtube:PIXSELL	Marijana Petir o novom stadionu na Maksimiru	https://www.youtube.com/watch?v=-VbxQcz1kD4	video	neutralno	PIXSELL: saborska zastupnica Marijana Petir o novom stadionu (funkcionalnost i sigurnost ispred estetike) (16.017 pregleda 28.9.).	da
2026-09-25	youtube:RTL	Hrvati nisu baš impresionirani novim Maksimirom: 'Bolje bi ideje dali osnovnoškolci' | RTL Danas	https://www.youtube.com/watch?v=gzPQJ9bS4rA	video	protiv	RTL Danas: Hrvati nisu impresionirani, „bolje bi ideje dali osnovnoškolci” (6.951 pregleda 28.9.).	da
2026-09-25	youtube:RTL	Hrvatska bruji o novom Maksimiru: 'Samo da ga prije gradnje ne srušimo. Treba slušati glas naroda'	https://www.youtube.com/watch?v=GErY7Kc7KC8	video	mjesovito	RTL/Net.hr Maksanov korner: Branko Karačić o novom stadionu, „treba slušati glas naroda” (8.243 pregleda 28.9.).	da
2026-09-25	youtube:RTL	Maksimir je generacijama više od stadiona #rtldirekt	https://www.youtube.com/watch?v=mhUTpaSpV2w	video	neutralno	RTL Direkt: kratki prilog „Maksimir je generacijama više od stadiona” (6.159 pregleda 28.9.).	da
2026-09-25	youtube:RTL	Ne stišava se bura oko novog Maksimira: Evo što kažu bivši i sadašnji Vatreni | RTL Danas	https://www.youtube.com/watch?v=kfFKipKJdfM	video	mjesovito	RTL Danas: bivši i sadašnji Vatreni o novom Maksimiru, mahom negativni komentari javnosti (39.848 pregleda 28.9.).	da
2026-09-25	youtube:Sport nedjeljom official	Davorin Olivari: Ovaj stadion mi je OK, a očekivali smo da to bude navijački "plavi pakao"!!!!	https://www.youtube.com/watch?v=ZGFf_J-Cktk	video	pro	Sport nedjeljom: Davorin Olivari kaže da mu je stadion OK (5.872 pregleda 28.9.).	da
2026-09-25	youtube:Sport nedjeljom official	Otto Barić: Jedno sam naučio od ove vlasti, a to je da kada nešto naume to i izguraju! Stadion ide!!	https://www.youtube.com/watch?v=7Q57XkcJyVs	video	protiv	Sport nedjeljom: Otto Barić o vlasti koja „izgura” što naumi (16.829 pregleda 28.9.).	da
2026-09-25	youtube:Sportske novosti	Sportsko jutro: kritike na pobjedničko rješenje novog Maksimira, kako Hrvatska treba igrati u Pragu	https://www.youtube.com/watch?v=zSVa7M-ADmI	video	mjesovito	Sportsko jutro (SN/Jutarnji): kritike na pobjedničko rješenje (14.646 pregleda 28.9.).	da
2026-09-25	youtube:TVORZI — Архитектура. Проектирование. Дизайн.	New Maksimir Stadium — TVORZI Competition Entry 🏟️ #maksimir #dinamozagreb #stadiumdesign	https://www.youtube.com/watch?v=HWWFS0Y0Rro	video	neutralno	TVORZI kratki video vlastitog natječajnog rada (26.505 pregleda 28.9.).	da
2026-09-25	youtube:Večernji TV	Pitali smo Zagrepčane što misle o novom Maksimiru: 'Beograd gradi velebni stadion, a mi neku kutiju'	https://www.youtube.com/watch?v=VsCuyTGrpCc	video	protiv	Večernji TV anketa na ulici: „Beograd gradi velebni stadion, a mi neku kutiju” (19.210 pregleda 28.9.).	da
2026-09-25	zagreb.info	Arhitekt o opasnosti novog Maksimira: 'To je važno jer je Zagreb na trusnom području'	https://www.zagreb.info/vijesti/arhitekt-o-opasnosti-novog-maksimira-to-je-vazno-jer-je-zagreb-na-trusnom-podrucju/878278/	vijest	protiv	Arhitekt upozorava na konstrukciju u seizmički aktivnom Zagrebu.	da
2026-09-25	zagreb.info	HDZ nakon fijaska s novim izgledom Maksimira: 'Ovo nije konačni odabir, respektiramo građane'	https://www.zagreb.info/vijesti/hdz-nakon-fijaska-s-novim-izgledom-maksimira-ovo-nije-konacni-odabir-respektiramo-gradane/878425/	vijest	mjesovito	Zagreb.info: HDZ nakon kritika kaže da ovo nije konačni odabir.	da
2026-09-25	zagreb.info	Ne stišavaju se reakcije na novi Maksimir: 'Neka glasaju članovi kluba'	https://www.zagreb.info/zagrebacke-price/ne-stisavaju-se-reakcije-na-novi-maksimir-neka-glasaju-clanovi-kluba/878025/	vijest	protiv	Reakcije ne jenjavaju, traži se glasanje članova kluba.	da
2026-09-25	zagreb.info	Ovo je ludo: Pazite koliko će novaca dati autorima novog stadiona	https://www.zagreb.info/vijesti/ovo-je-ludo-pazite-koliko-ce-novaca-dati-autorima-novog-stadiona/878074/	vijest	neutralno	Zagreb.info o iznosu nagrade koju dobivaju autori.	da
2026-09-25	zagreb.info	Pokrenuta peticija za novi natječaj za Maksimir: Više od 2000 ljudi potpisalo	https://www.zagreb.info/vijesti/zg/pokrenuta-peticija-za-novi-natjecaj-za-maksimir-vise-od-2000-ljudi-potpisalo/878092/	vijest	protiv	Pokrenuta peticija za novi natječaj, više od 2000 potpisa.	da
2026-09-25	zagreb.info	Zagrepčani žele ponovni natječaj za Maksimir: 'Ovo je ruganje građanima'	https://www.zagreb.info/vijesti/zagrepcani-zele-ponovni-natjecaj-za-maksimir-ovo-je-ruganje-gradanima/878408/	vijest	protiv	Zagrepčani traže ponovni natječaj za Maksimir.	da
2026-09-25	zagreb.info	Zna li on da ga plaća Vlada: O stadionu se oglasio šef zagrebačkog HDZ-a	https://www.zagreb.info/vijesti/zna-li-on-da-ga-placa-vlada-o-stadionu-se-oglasio-sef-zagrebackog-hdz-a/878210/	vijest	protiv	Šef zagrebačkog HDZ-a oglasio se o stadionu.	da
2026-09-25	zagreb.lol	3D model pobjedničkog rješenja (Strahimir Stribor)	https://zagreb.lol/zgrade/modeli/?id=stadion-maksimir-novi	projekt	neutralno	3D rekonstrukcija VG13 iz panela, podijeljena na r/zagreb_no1 25.9.	da
2026-09-26	24sata.hr	Arhitekti novog maksimirskog stadiona za 24sata: Proučavali smo Turinu, drukčiji je od drugih	https://www.24sata.hr/news/arhitekti-novog-maksimirskog-stadiona-za-24sata-proucavali-smo-turinu-drukciji-je-od-drugih-1157020	intervju	pro	Autori VG13 za 24sata: proučavali su Turinu i najavljuju javno predstavljanje u Zagrebu.	da
2026-09-26	24sata.hr	Bobanov nećak je demantirao lažnu priču: Nisam arhitekt, ali ove laži su me dobro nasmijale	https://www.24sata.hr/sport/bobanov-necak-je-demantirao-laznu-pricu-nisam-arhitekt-ali-ove-lazi-su-me-dobro-nasmijale-1156934	vijest	neutralno	Bobanov nećak demantira viralnu laž da je arhitekt pobjedničkog projekta.	da
2026-09-26	24sata.hr	Bobanu zviždali navijači zbog novog Maksimira! Evo kako je odgovorio: 'Pokušajte shvatiti'	https://www.24sata.hr/sport/bobanu-zvizdali-navijaci-zbog-novog-maksimira-evo-kako-je-odgovorio-pokusajte-shvatiti-1156954	vijest	protiv	Navijači u Čitluku prvi put zviždali Bobanu zbog novog Maksimira.	da
2026-09-26	24sata.hr	FOTO Ovo je svih 88 dizajna novog Maksimira s natječaja! Evo što je o svakom rekao žiri	https://www.24sata.hr/sport/foto-ovo-je-svih-88-dizajnova-novog-maksimira-s-natjecaja-evo-sto-je-o-svakom-rekao-ziri-1156771	galerija	neutralno	24sata objavljuje svih 88 radova uz opisne ocjene žirija.	da
2026-09-26	24sata.hr	FOTO Srbi predstavili svoj izgled Maksimira, surađivali s firmom iz Zagreba: Sviđa li vam se?	https://www.24sata.hr/news/foto-srpski-arhitekti-predstavili-svoju-viziju-novog-maksimira-evo-izgleda-kako-vam-se-svida-1157032	galerija	neutralno	Srpski DBA Architects s partnerom iz Zagreba predstavili svoj natječajni rad.	da
2026-09-26	24sata.hr	OPA! Pogledajte kako izgleda pobjedničko rješenje za novi Maksimir u Dinamo plavoj boji!	https://www.24sata.hr/sport/opa-pogledajte-kako-izgleda-pobjednicko-rjesenje-za-novi-maksimir-u-dinamo-plavoj-boji-1156952	galerija	pro	Vizualizacija pobjedničkog rješenja u Dinamo plavoj boji.	da
2026-09-26	24sata.hr	Otto Barić: Ajmo sad realno, ova konstrukcija ne stoji. Taj bi statičar trebao dobiti Oscara	https://www.24sata.hr/sport/baric-ovo-je-potpuno-promasen-i-nerealan-pristup-maksimiru-ziri-je-time-dokazao-nemoc-1156943	vijest	protiv	Otto Barić tvrdi da je konstrukcija nerealna i statički neizvediva.	da
2026-09-26	24sata.hr	Pobuna oko novog stadiona ide korak dalje: Traže referendum za zaustavljanje cijelog projekta	https://www.24sata.hr/sport/pobuna-oko-novog-stadiona-ide-korak-dalje-traze-referendum-za-zaustavljanje-cijelog-projekta-1156997	vijest	protiv	DOMiNO s pravnicima formulira referendumsko pitanje za zaustavljanje projekta.	da
2026-09-26	b92.net	Hrvati ljubomorni na srpski Nacionalni stadion; Novi Maksimir nazivaju 'prevrnutom kutijom'	https://www.b92.net/info/politika/270903/hrvati-ljubomorni-na-srpski-nacionalni-stadion-novi-maksimir-nazivaju-prevrnutom-kutijom-video/vest	vijest	protiv	B92 prema anketi Večernjeg lista piše da Zagrepčani nisu zadovoljni i uspoređuje s beogradskim Nacionalnim stadionom.	da
2026-09-26	balk.hu	Dinamo Zagabria: scandalo sul nuovo progetto dello stadio Maksimir	https://balk.hu/it/2026/09/26/dinamo-zagabria-uj-stadion-maksimir-zagabria/	analiza	mjesovito	Talijanska inačica istog članka Balk.hu o polemici, peticijama i Bobanovoj obrani projekta.	da
2026-09-26	balk.hu	Dinamo Zagreb: botrányt kavart az új maksimiri stadion terve	https://balk.hu/2026/09/26/dinamo-zagreb-uj-stadion-maksimir-zagrab/	analiza	mjesovito	Mađarski Balk.hu piše da je projekt izazvao skandal i peticije, dok ga Boban brani.	da
2026-09-26	baustela.hr	Nisu ušli među najboljih pet, ali vrijedi ih vidjeti: Ovako su svjetski arhitekti zamišljali Maksimir	https://www.baustela.hr/estetika/vijesti/87556/nisu-usli-medu-najboljih-pet-ali-vrijedi-ih-vidjeti-ovako-su-svjetski-arhitekti-zamisljali-maksimir/vijest	galerija	neutralno	Baustela prikazuje radove koji nisu ušli među pet nagrađenih.	da
2026-09-26	braniteljskiportal.ba	Arna Šebalj: zahtjev za provjerom zakonitosti natječaja SRC Svetice – Stadion Maksimir	https://www.braniteljskiportal.ba/6-09-2026-mr-sc-arna-sebalj-zahtjev-za-provjerom-zakonitosti-okolnosti-provedbe-medunarodnog-javnog-natjecaja-za-idejno-rjesenje-src-svetice-stadion-maksimir/	blog	protiv	Građanski zahtjev DORH-u za provjeru sukoba interesa (Geers–Fantini, Mendrisio), Bobanove veze s Milanom i sličnosti s modelom iz FIFA 98; izrijekom bez kaznene prijave.	da
2026-09-26	bug.hr	Što novi Maksimir može naučiti od najmodernijih stadiona svijeta?	https://www.bug.hr/tehnologije/sto-novi-maksimir-moze-nauciti-od-najmodernijih-stadiona-svijeta-63178	analiza	neutralno	Bug.hr o tome što novi Maksimir može naučiti od modernih stadiona.	da
2026-09-26	direktno.hr	Arhitekti novog Maksimira oglasili se nakon kritika: 'Proučavali smo radikalne ideje'	https://direktno.hr/sport/arhitekti-novog-maksimira-oglasili-se-nakon-kritika-proucavali-smo-radikalne-ideje-405180/	vijest	pro	Arhitekti VG13 odgovaraju na kritike i objašnjavaju pristup.	da
2026-09-26	direktno.hr	Drito najavio referendum zbog novog stadiona: Poslali poruku Bobanu	https://direktno.hr/domovina/drito-najavio-referendum-zbog-novog-stadiona-poslali-poruku-bobanu-405164/	vijest	protiv	Drito najavljuje referendum zbog novog stadiona.	da
2026-09-26	direktno.hr	Legenda nije birala riječi zbog novog Maksimira: 'Ne bih da Zvonu obilježi ova epizoda'	https://direktno.hr/sport/legenda-nije-birala-rijeci-zbog-novog-maksimira-ne-bih-da-zvonu-obiljezi-ova-epizoda-405168/	vijest	protiv	Željko Pavličević pridružio se kritikama projekta.	da
2026-09-26	direktno.hr	Remek djelo ili nakupina betona: Novi Maksimir prolazi ono što je prošao Eiffelov toranj	https://direktno.hr/domovina/remek-djelo-ili-nakupina-betona-novi-maksimir-prolazi-ono-sto-prosao-eiffelov-toranj-405172/	analiza	mjesovito	Direktno uspoređuje raspravu o Maksimiru s ranim kritikama Eiffelova tornja.	da
2026-09-26	dnevno.hr	'Novi Dinamov stadion ne zadovoljava osnove, a Bobanu ne bih želio da mu se to dogodi...'	https://www.dnevno.hr/sport/novi-dinamov-stadion-ne-zadovoljava-osnove-a-bobanu-ne-bih-zelio-da-mu-se-to-dogodi-3426965/	vijest	protiv	Kritičar: novi Dinamov stadion ne zadovoljava osnove.	da
2026-09-26	dnevno.hr	Barić se opet oglasio o Maksimiru: 'Ova konstrukcija ne stoji u realnom svijetu, ako se javi statičar...'	https://www.dnevno.hr/sport/baric-se-opet-oglasio-o-maksimiru-ova-konstrukcija-ne-stoji-u-realnom-svijetu-ako-se-javi-staticar-3427067/	vijest	protiv	Barić: konstrukcija ne stoji u realnom svijetu.	da
2026-09-26	dnevno.hr	Bitorajac se našalio na račun novog Maksimira, objava izazvala lavinu reakcija	https://www.dnevno.hr/magazin/bitorajac-se-nasalio-na-racun-novog-maksimira-objava-izazvala-lavinu-reakcija-3427001/	vijest	protiv	Bitorajčeva šala o Maksimiru izazvala lavinu reakcija.	da
2026-09-26	dnevno.hr	Ovo je šef žirija za novi Maksimir: Iza njega je respektabilna karijera, ali i interesantna veza	https://www.dnevno.hr/vijesti/ovo-je-sef-zirija-za-novi-maksimir-iza-njega-je-respektabilna-karijera-ali-i-interesantna-veza-3426736/	analiza	mjesovito	Dnevno predstavlja karijeru predsjednika žirija Plejića i njegove veze.	da
2026-09-26	dnevno.hr	Talijanski arhitekti uzvratili na kritike zbog Maksimira: 'Počašćeni smo'	https://www.dnevno.hr/vijesti/talijanski-arhitekti-uzvratili-na-kritike-zbog-maksimira-pocasceni-smo-3427422/	vijest	pro	Talijanski arhitekti: počašćeni smo, odgovaraju na kritike.	da
2026-09-26	dnevno.hr	Čuveni Hrvat o stadionu koji je digao Hrvate na noge: 'Imam ja bitno pitanje za te dečke iz Milana...'	https://www.dnevno.hr/sport/cuveni-hrvat-o-stadionu-koji-je-digao-hrvate-na-noge-imam-ja-bitno-pitanje-za-te-decke-iz-milana-3426394/	vijest	protiv	Poznati Hrvat postavlja pitanje milanskim autorima.	da
2026-09-26	germanijak.hr	Arhitekti Maksimira za Germanijak: “Puno aspekata projekta nije prikazano! Dolazimo u Zagreb, pričat ćemo sa svima“	https://www.germanijak.hr/nogomet/vijesti/arhitekti-maksimira-za-germanijak-puno-aspekata-projekta-nije-prikazano-dolazimo-u-zagreb-pricat-cemo-sa-svima/167448	intervju	pro	Arhitekti VG13 za Germanijak: mnogi aspekti nisu prikazani, dolaze u Zagreb.	da
2026-09-26	germanijak.hr	Boban je ostao isti, Dinamo ga nije promijenio. Samo su očekivanja bila nerealna!	https://germanijak.hr/nogomet/vijesti/boban-je-ostao-isti-dinamo-ga-nije-promijenio-samo-su-ocekivanja-bila-nerealna/167426	kolumna	mjesovito	Germanijak kolumnom o Bobanu i nerealnim očekivanjima.	da
2026-09-26	gol.dnevnik.hr	Bobanu prvi zvižduci otkako je preuzeo Dinamo: Evo kako je odgovorio navijačima	https://gol.dnevnik.hr/clanak/rubrika/nogomet/bobanu-prvi-zvizduci-otkako-je-preuzeo-dinamo-evo-kako-je-odgovorio-navijacima---1003981.html	vijest	protiv	Boban prvi put izviždan od navijača zbog stadiona.	da
2026-09-26	gol.dnevnik.hr	FOTO Ovo su idejna rješenja novog Maksimira pristigla na međunarodni natječaj	https://gol.dnevnik.hr/clanak/rubrika/nogomet/foto-ovo-su-sva-idejna-rjesenja-novog-maksimira-pristigla-na-medjunarodni-natjecaj---1003985.html	galerija	neutralno	Galerija idejnih rješenja pristiglih na natječaj, prvi dio.	da
2026-09-26	gol.dnevnik.hr	FOTO Ovo su sva idejna rješenja novog Maksimira pristigla na međunarodni natječaj (drugi dio)	https://gol.dnevnik.hr/clanak/rubrika/nogomet/foto-ovo-su-sva-idejna-rjesenja-novog-maksimira-pristigla-na-medjunarodni-natjecaj-drugi-dio---1003987.html	galerija	neutralno	Galerija idejnih rješenja pristiglih na natječaj, drugi dio.	da
2026-09-26	gol.dnevnik.hr	Pobuna zbog novog Maksimira ide korak dalje: Pokreću referendum za zaustavljanje projekta	https://gol.dnevnik.hr/clanak/rubrika/nogomet/pobuna-zbog-novog-maksimira-ide-korak-dalje-pokrecu-referendum-za-zaustavljanje-projekta---1004000.html	vijest	protiv	DOMiNO pokreće referendum za zaustavljanje projekta.	da
2026-09-26	hina.hr	Konferencija za novinare Kluba gradskih zastupnika Drito	https://www.hina.hr/video/12514969	video	protiv	Hina video s konferencije Drita o izabranom rješenju novog stadiona i najavi referenduma (stranica iza Cloudflarea, viđeno samo u tražilici).	snippet
2026-09-26	hrvatska-danas.com	Bauer: Ovo sa stadionom događa se zato kaj ovim gradom i državom vlada suludi socijalistički cargo cult	https://hrvatska-danas.com/2026/09/26/bauer-ovo-sa-stadionom-dogada-se-zato-kaj-ovim-gradom-i-drzavom-vlada-suludi-socijalisticki-cargo-cult/	blog	protiv	Bauer: stadion nije logo, a Turinin Maksimir je bio „katastrofalan eksperiment” za navijače; tekst dijeljen na r/dinamo.	snippet
2026-09-26	index.hr	Boban o najvećem problemu novog Maksimira: Sve će se riješiti	https://www.index.hr/sport/clanak/boban-o-novom-maksimiru-rijesit-ce-se-sve-ono-sto-muci-ljude/2838980.aspx	vijest	pro	Boban tvrdi da će se riješiti problemi koji muče javnost, poput otvorenih kutova.	da
2026-09-26	index.hr	Borna Sor trolao Otta Barića zbog komentara o novom Maksimiru. Objava je hit	https://www.index.hr/magazin/clanak/borna-sor-nakon-kritika-novog-maksimira-mozemo-li-srusiti-i-ruznocu-na-europskom-trgu/2838944.aspx	vijest	mjesovito	Satiričar Borna Sor ironizirao je kritike Otta Barića na račun pobjedničkog rješenja.	da
2026-09-26	index.hr	Dinamo najavio člansku tribinu o stadionu pa utihnuo. Evo što se događa	https://www.index.hr/sport/clanak/dinamo-najavio-clansku-tribinu-o-stadionu-pa-utihnuo-evo-sto-se-dogadja/2838975.aspx	vijest	neutralno	Dinamo najavio člansku tribinu o stadionu, ali termin i detalji zasad nisu objavljeni.	da
2026-09-26	index.hr	Navijači zviždali Bobanu zbog stadiona. Odgovorio im je	https://www.index.hr/sport/clanak/navijaci-dinama-zvizdali-bobanu-zbog-stadiona/2838911.aspx	vijest	protiv	Navijači Dinama zviždali Bobanu zbog stadiona, on im je odgovorio.	da
2026-09-26	index.hr	Ovaj dizajn završio je osmi u izboru za novi Maksimir	https://www.index.hr/sport/clanak/ovaj-dizajn-zavrsio-je-osmi-u-izboru-za-novi-maksimir/2838871.aspx	galerija	neutralno	Predstavljen natječajni rad koji je završio na osmom mjestu.	da
2026-09-26	index.hr	Stadion slučaj i Tuđmanovo ruglo od 120 milijuna eura	https://www.index.hr/vijesti/clanak/kako-je-maksimir-postao-uklet-ovo-je-kronologija-propalih-ideja-i-bacenih-milijuna/2838731.aspx	analiza	neutralno	Kronologija propalih planova za maksimirski stadion kroz desetljeća.	da
2026-09-26	index.hr	Talijanski arhitekti odgovorili na žestoke kritike za novi Maksimir	https://www.index.hr/vijesti/clanak/talijanski-arhitekti-pratimo-kritike-na-novi-maksimir-mnogo-toga-nije-predstavljeno/2839018.aspx	vijest	pro	Autori VG13 odgovaraju na kritike i tvrde da mnogo toga nije predstavljeno.	da
2026-09-26	index.hr	Zagrebački arhitekt o novom Maksimiru: Ova konstrukcija ne stoji u realnom svijetu	https://www.index.hr/sport/clanak/zagrebacki-arhitekt-o-novom-maksimiru-ova-konstrukcija-ne-stoji-u-realnom-svijetu/2838876.aspx	vijest	protiv	Otto Barić mlađi tvrdi da konstrukcija pobjedničkog rješenja ne stoji u realnom svijetu.	da
2026-09-26	informer.rs	Hrvati pucaju od muke zbog srpskog Nacionalnog stadiona	https://informer.rs/politika/vesti/1154476/hrvati-ljubomora-nacionalni-stadion-maksimir	vijest	protiv	Informer suprotstavlja novi Maksimir beogradskom Nacionalnom stadionu i ističe nezadovoljstvo Hrvata.	da
2026-09-26	instagram.com	CBA: MAKSIMIR STADIUM — THE CONCEPT EXPLAINED	https://www.instagram.com/p/DdwbtUPiEse/	natjecateljski-rad	neutralno	CBA objašnjava koncept svog prijedloga.	da
2026-09-26	instagram.com	Mislav Klarić: Competition proposal for the new Maksimir Stadium	https://www.instagram.com/p/Ddw8K5pCIv9/	natjecateljski-rad	neutralno	Autor objavljuje natječajni rad s povišenim parkom i kružnim natkrivenim prstenom, uz napomenu da je rangiran osmi.	da
2026-09-26	instagram.com	TVORZI: Южный фасад нашего конкурсного проекта стадиона Максимир	https://www.instagram.com/p/DdwDvpujf0b/	natjecateljski-rad	neutralno	TVORZI na ruskom objavljuje južno pročelje rada i navodi da je pobijedio VG13.	da
2026-09-26	instagram.com	VG13 Architects: 1st prize (druga objava)	https://www.instagram.com/p/DdwuxpwjlWi/	natjecateljski-rad	pro	Druga Instagram objava VG13 s dodatnim prikazima pobjedničkog rada.	da
2026-09-26	instagram.com	VG13 Architects: 1st prize 092 - Maksimir Stadium and Svetice Sports and Recreation Centre	https://www.instagram.com/p/DdwuoIyDqc8/	natjecateljski-rad	pro	Pobjednici VG13 na Instagramu objavljuju svoj prvonagrađeni rad s popisom suradnika (inženjer Alessandro Garzanti).	da
2026-09-26	instagram.com	njiric+ arhitekti: d-hive, 4th prize	https://www.instagram.com/p/Ddv8A3DjCs3/	natjecateljski-rad	neutralno	njiric+ arhitekti objavljuju svoj rad d-hive, četvrtu nagradu, s kupolom kao propusnom klimatskom ovojnicom.	da
2026-09-26	jutarnji.hr	Dio navijača po prvi put zviždao Zvonimiru Bobanu. Evo što im je poručio	https://www.jutarnji.hr/sportske/nogomet/zvizduci-bobanu-u-citluku-plava-noc-najavio-korekcije-maksimir-stadion-15750097	vijest	protiv	Dio navijača prvi put zviždao Bobanu i skandirao zbog stadiona.	da
2026-09-26	jutarnji.hr	FOTO Arhitekt posebno istaknuo jedan dio Maksimira: ‘Potpuni promašaj. Tko ovo napravi, dajte mu Oscara‘	https://www.jutarnji.hr/sportske/nogomet/otto-baric-kritizira-maksimir-konstrukcija-ne-prolazi-eurocod-boban-ziri-15750068	galerija	protiv	Otto Barić izdvaja dio konstrukcije kao potpuni promašaj.	da
2026-09-26	jutarnji.hr	Meni je novi stadion na Maksimiru - jako dobar. U obrazloženju je jedna stvar posebno zanimljiva	https://www.jutarnji.hr/kultura/art/novi-stadion-maksimir-prozracan-dizajn-park-prvi-pristup-15750029	kolumna	pro	Autorica u Kulturi ocjenjuje novi stadion jako dobrim jer nije generički i nastavlja Turinino nasljeđe.	da
2026-09-26	jutarnji.hr	Ovo su scenariji u kojima se može poništiti projekt Maksimir! Imamo detalje o promjenama, isplatama...	https://www.jutarnji.hr/sportske/nogomet/nogomet-mix/ovo-su-jedini-scenariji-u-kojima-se-moze-ponistiti-projekt-maksimir-imamo-i-detalje-o-vip-lozi-promjenama-isplatama-15750118	analiza	neutralno	Odgovori na šest otvorenih pitanja, uključujući scenarije poništenja i isplate nagrada.	da
2026-09-26	jutarnji.hr	Stigla prva reakcija talijanskih arhitekata na lavinu kritika oko novog stadiona, najavili i dolazak u Zagreb	https://www.jutarnji.hr/sportske/nogomet/vg13-brani-projekt-stadiona-maksimir-najavljuje-javno-predstavljanje-15750238	vijest	pro	VG13 za RTL odgovara na kritike i najavljuje dolazak u Zagreb.	da
2026-09-26	jutarnji.hr	Stigla prva reakcija talijanskih arhitekata na lavinu kritika oko novog stadiona. Najavili i velike vijesti	https://www.jutarnji.hr/vijesti/zagreb/autori-novog-maksimira-odgovaraju-na-kritike-i-najavljuju-dorade-15750224	vijest	pro	VG13 naglašava Turinin duh, UEFA standarde i najavljuje javno predstavljanje.	da
2026-09-26	jutarnji.hr	Trebali bi biti najveći dobitnici novog Maksimira, ali... ‘Nitko nas ništa nije pitao niti nam išta predočio‘	https://www.jutarnji.hr/sportske/sport-mix/rukomet/novi-maksimir-rasprave-stadion-dvorane-svetice-zagreb-15750181	vijest	neutralno	Rukometni, košarkaški i futsal klubovi žale se da ih o dvoranama na Sveticama nitko nije pitao.	da
2026-09-26	jutarnji.hr	VIDEO Boban mladoj voditeljici: Ljudi će tog dana shvatiti da je ovo jedan fenomenalan stadion	https://www.jutarnji.hr/sportske/nogomet/boban-brani-novi-maksimir-najavljuje-korekcije-i-vg13-remek-djelo-15750202	video	pro	Boban u videu tvrdi da će ljudi shvatiti da je riječ o fenomenalnom stadionu i najavljuje popravke.	da
2026-09-26	jutarnji.hr	VIDEO Skupili se ispod Maksimira i najavili referendum: ‘Nije to Bobanovo vlasništvo, spomenik egu!‘	https://www.jutarnji.hr/vijesti/zagreb/drito-referendum-zaustavljanje-stadion-maksimir-sporno-rjesenje-15750184	video	protiv	Stranka DOMiNO najavila referendum ispod Maksimira nazivajući projekt spomenikom egu.	da
2026-09-26	jutarnji.hr	Šapit: ‘Sviđa mi se, ali...‘ Vela: ‘Brate, daj nam arenu i spojene tribine! Ovo ima smisla onima koji ne idu na stadion‘	https://www.jutarnji.hr/sportske/nogomet/sapit-vela-kritiziraju-novo-rjesenje-stadiona-maksimir-15750043	vijest	mjesovito	Šapit hvali rješenje uz rezervu, a Vela traži zatvorenu arenu sa spojenim tribinama.	da
2026-09-26	jutarnji.hr	Šef žirija odgovorio na pobunu oko Maksimira: Ovo su pogrešne pretpostavke, pozadina odluke, poveznica s Poljudom...	https://www.jutarnji.hr/vijesti/zagreb/naslov-a-toma-plejic-odgovor-kriticarima-15750096	kolumna	pro	Toma Plejić u autorskom tekstu odgovara na kritike i objašnjava pozadinu odluke.	da
2026-09-26	jutarnji.hr	‘Savršena oluja‘ opasno prijeti Zagrebu i novom Maksimiru, no bojim se da je već napravljena nemjerljiva šteta	https://www.jutarnji.hr/sportske/nogomet/novi-maksimir-funkcionalne-dorade-bez-gubitka-koncepta-15750025	kolumna	protiv	Komentar upozorava na savršenu oluju i nemjerljivu štetu koju je već nanio odabir.	da
2026-09-26	maxportal.hr	Mediji iz regije o novom Maksimiru: “Koja sprdnja. Rugat ćemo se Hrvatima!”	https://www.maxportal.hr/premium-sadrzaj/mediji-iz-regije-o-novom-maksimiru-koja-sprdnja-rugat-cemo-se-hrvatima/	vijest	protiv	Mediji iz regije rugaju se novom Maksimiru.	da
2026-09-26	maxportal.hr	Ruglo mjeseca! Fabijanić najljepše stadione svijeta naziva ‘krafnama”, a brani nakazu iz Maksimira	https://www.maxportal.hr/premium-sadrzaj/ruglo-mjeseca-fabijanic-najljepse-stadione-svijeta-naziva-krafnama-a-brani-nakazu-iz-maksimira/	kolumna	protiv	Maxportal: Fabijanić brani rješenje koje autor naziva nakazom.	da
2026-09-26	milannews.it	Per la prima volta Boban è stato fischiato da alcuni tifosi della Dinamo: i motivi	https://www.milannews.it/gli-ex/boban-fischiato-tifosi-dinamo-motivi-630942	vijest	protiv	MilanNews.it piše da je Boban izviždan zbog nezadovoljstva navijača izgledom novog stadiona.	da
2026-09-26	milannews24.com	Boban contestato per la prima volta dai tifosi della Dinamo Zagabria: il caso allo stadio Maksimir	https://www.milannews24.com/boban-dinamo-tifosi-contestazione/	vijest	protiv	Talijanski Milan News 24 javlja da su navijači Dinama prvi put zviždali Bobanu zbog projekta stadiona.	da
2026-09-26	mondo.rs	'Novi Maksimir je ruganje zdravoj pameti': Zdravko Mamić zanemeo	https://mondo.rs/Sport/Fudbal/a2287270/zdravko-mamic-kritikuje-stadion-maksimir.html	vijest	protiv	Mondo prenosi oštru kritiku bivšeg čelnika Dinama Zdravka Mamića iz BiH.	da
2026-09-26	n1info.hr	Arhitekt Otto Barić ukazao na veliki propust u projektu novog Maksimira: "Oscara statičaru"	https://n1info.hr/vijesti/arhitekt-otto-baric-ukazao-na-veliki-propust-u-projektu-novog-maksimira-oscara-staticaru/	vijest	protiv	Otto Barić upozorava na propust u konstrukciji: Oscara statičaru.	da
2026-09-26	n1info.hr	Oglasili se arhitekti koji će graditi novi stadion Maksimir: "Kritike će biti ključne za daljnji razvoj"	https://n1info.hr/vijesti/oglasili-se-arhitekti-koji-ce-graditi-novi-stadion-maksimir-kritike-ce-biti-kljucne-za-daljnji-razvoj/	intervju	pro	Arhitekti VG13: kritike će biti ključne za daljnji razvoj projekta.	da
2026-09-26	n1info.hr	Zagrebačka oporba najavila referendum o zaustavljanju idejnog rješenja novog stadiona	https://n1info.hr/vijesti/zagrebacka-oporba-najavila-referendum-o-zaustavljanju-idejnog-rjesenja-novog-stadiona/	vijest	protiv	Zagrebačka oporba najavila referendum o zaustavljanju rješenja.	da
2026-09-26	nacional.hr	'ZA KOLAPS KRIV TOMAŠEVIĆ' Drito: Pokrećemo referendum o stadionu, ne treba nam spomenik nečijem egu	https://www.nacional.hr/za-kolaps-kriv-tomasevic-drito-pokrecemo-referendum-o-stadionu-ne-treba-nam-spomenik-necijem-egu/	vijest	protiv	Drito pokreće referendum i krivi Tomaševića.	da
2026-09-26	nacional.hr	ARHITEKT OTTO BARIĆ Ukazao na veliki propust u projektu novog Maksimira: Oscara statičaru!	https://www.nacional.hr/arhitekt-otto-baric-ukazao-na-veliki-propust-u-projektu-novog-maksimira-oscara-staticaru/	vijest	protiv	Nacional: Barić ukazuje na propust u konstrukciji.	da
2026-09-26	nacional.hr	GLASINE O NEPOTIZMU Javio se Bobanov nećak, navodni arhitekt u Milanu: 'Čitam i ne vjerujem, pa ja sam pravnik'	https://www.nacional.hr/glasine-o-nepotizmu-javio-se-bobanov-necak-navodni-arhitekt-u-milanu-citam-i-ne-vjerujem-pa-ja-sam-pravnik/	vijest	neutralno	Nacional: Bobanov nećak demantira glasine o nepotizmu.	da
2026-09-26	net.hr	Arhitekt istaknuo mane novog Maksimira: 'Ajmo sad realno i stručno, ovo ne stoji'	https://net.hr/sport/nogomet/otto-baric-o-novom-maksimiru-a98cb7b4-b987-11f1-936f-9600040c8f8e	vijest	protiv	Otto Barić tvrdi da konstrukcija stručno ne stoji.	da
2026-09-26	net.hr	Arhitekti novog stadiona na Maksimiru odgovorili na reakcije: 'Brojni aspekti ostali su nevidljivi'	https://net.hr/danas/vijesti/arhitekti-novog-stadiona-za-rtl-odgovorili-na-kritike-brojni-aspekti-ostali-su-nevidljivi-2f584b97-b9c8-11f1-936f-9600040c8f8e	intervju	pro	Autori VG13 za RTL tvrde da su brojni aspekti projekta ostali nevidljivi javnosti.	da
2026-09-26	pianetamilan.it	Ex Milan, fischi per Boban alla 'Notte blu': ecco cosa è successo	https://www.pianetamilan.it/news-milan/ultime-notizie/ex-milan-fischi-per-boban-alla-notte-blu-ecco-cosa-e-successo/	vijest	protiv	Pianeta Milan opisuje zvižduke Bobanu na Plavoj noći u Čitluku i dvije peticije protiv projekta.	da
2026-09-26	podcast:BlueHammerTV	BlueHammer TV | ZnašKaj #5 | Hambi i Bella - Novi Maksimirski stadion	https://www.youtube.com/watch?v=pL8Ia-Bm5S0	podcast	mjesovito	BlueHammer TV „Znaš kaj”: Hambi i Bella o novom maksimirskom stadionu (13.333 pregleda 28.9.).	da
2026-09-26	podcast:Tapirlo	City će IZBACITI IZ LIGE?! | Dinamo objavio stadion - NAVIJAČI BIJESNI | The Offside 407	https://www.youtube.com/watch?v=pP3Xc-VrBig	podcast	protiv	Tapirlo The Offside 407: Dinamo objavio stadion, „navijači bijesni” (86.216 pregleda 28.9.).	da
2026-09-26	reddit:croatia	Kako riješiti problem oko maksimirskog i poljudskog stadiona	https://www.reddit.com/r/croatia/comments/1wqrnss/kako_riješiti_problem_oko_maksimirskog_i/	reddit	protiv	Objava u r/croatia: Najelegantnije rješenje jest da ga plate navijači. Članovi Dinama kojih ima oko 70 000 lijepo uplate svaki po 3000 eura i imaju ukupno preko…	da
2026-09-26	reddit:dinamo	Boban izviždan na plavoj noći u Čitluku, obećaje preinake i vrijeme koje liječi ružnoću	https://www.reddit.com/r/dinamo/comments/1wqttpc/boban_izviždan_na_plavoj_noći_u_čitluku_obećaje/	reddit	protiv	Boban izviždan na Plavoj noći u Čitluku, obećaje preinake.	da
2026-09-26	reddit:dinamo	Interview predsjednika Dinama Z. Bobana za BorakTV	https://www.reddit.com/r/dinamo/comments/1wqsq1l/interview_predsjednika_dinama_z_bobana_za_boraktv/	reddit	protiv	Boban za BorakTV: stadion će biti udoban kad arhitekti zatvore otvore.	da
2026-09-26	reddit:dinamo	Propušteno Maksimir rješenje	https://www.reddit.com/r/dinamo/comments/1wqldff/propušteno_maksimir_rješenje/	reddit	protiv	Objava u r/dinamo: Prva slika je jedno od rješenja koje nije prošlo na natječaju. Ostale dvije slike su render kako bi to izgledalo onda kada bi igrali Dinamo…	da
2026-09-26	reddit:dinamo	Prošlo je malo vremena – što se realno još može napraviti oko novog Maksimira?	https://www.reddit.com/r/dinamo/comments/1wqkhxb/prošlo_je_malo_vremena_što_se_realno_još_može/	reddit	protiv	Objava u r/dinamo: Sad je prošlo malo vremena od predstavljanja projekta i pokušavam cijelu stvar gledati bez prvih emocija. Meni se projekt i dalje ne sviđa,…	da
2026-09-26	reddit:dinamo	Zatvaranje kutova na novom Maksimiru	https://www.reddit.com/r/dinamo/comments/1wqznbx/zatvaranje_kutova_na_novom_maksimiru/	reddit	mjesovito	Objava u r/dinamo: Ako ga zatvore ovako nekako. Mislim da bi stadion novi mogao stvarno biti moćan…	da
2026-09-26	reddit:hreddit	Dinamov novi stadion	https://www.reddit.com/r/hreddit/comments/1wqirk7/dinamov_novi_stadion/	reddit	neutralno	Poveznica na 24sata galeriju svih 88 radova s obrazloženjima.	da
2026-09-26	reddit:hrvatska	Novi stadion prstohvatom života	https://www.reddit.com/r/hrvatska/comments/1wqljfm/novi_stadion_prstohvatom_života/	reddit	protiv	Objava u r/hrvatska; objava je uklonjena	da
2026-09-26	reddit:hrvatska	Predstavljanje novog stadiona Maksimir	https://www.reddit.com/r/hrvatska/comments/1wqr5qr/predstavljanje_novog_stadiona_maksimir/	reddit	neutralno	Objava u r/hrvatska; poveznica ili slika bez teksta	da
2026-09-26	reddit:zagreb	Propušteno Maksimir rješenje	https://www.reddit.com/r/zagreb/comments/1wqlbb7/propušteno_maksimir_rješenje/	reddit	protiv	Objava u r/zagreb; objava je uklonjena	da
2026-09-26	reddit:zagreb	Što novi Maksimir može naučiti od najmodernijih stadiona svijeta?	https://www.reddit.com/r/zagreb/comments/1wqmkkr/što_novi_maksimir_može_naučiti_od_najmodernijih/	reddit	neutralno	Objava u r/zagreb; poveznica ili slika bez teksta	da
2026-09-26	reddit:zagreb_no1	Bjegunac Mamić: Kad sam vidio novi Maksimir, zanijemio sam. Pa to je ruganje zdravoj pameti!	https://www.reddit.com/r/zagreb_no1/comments/1wqooi1/bjegunac_mamić_kad_sam_vidio_novi_maksimir/	reddit	protiv	Objava u r/zagreb_no1; poveznica ili slika bez teksta	da
2026-09-26	reddit:zagreb_no1	Brnjas, najbolji frend svakog dežurnog možemovca, komentira novi stadion	https://www.reddit.com/r/zagreb_no1/comments/1wqojku/brnjas_najbolji_frend_svakog_dežurnog_možemovca/	reddit	mjesovito	Objava u r/zagreb_no1: [https://fb.watch/v/50MCeIdml/](https://fb.watch/v/50MCeIdml/)…	da
2026-09-26	reddit:zagreb_no1	Drito traži referendum o Maksimiru: Nećemo financirati stadion koji nismo tražili	https://www.reddit.com/r/zagreb_no1/comments/1wqq0tc/drito_traži_referendum_o_maksimiru_nećemo/	reddit	protiv	Prenesena vijest o Dritovom referendumu.	da
2026-09-26	reddit:zagreb_no1	Javno glasanje o rješenjima za Maksimir	https://www.reddit.com/r/zagreb_no1/comments/1wqncef/javno_glasanje_o_rješenjima_za_maksimir/	reddit	neutralno	Korisnik dijeli maksimir.domovina.ai/glasanje kao glasanje s eOsobnom.	da
2026-09-26	reddit:zagreb_no1	Pitali smo Zagrepčane što misle o novom Maksimiru: 'Beograd gradi velebni stadion, a mi neku kutiju'	https://www.reddit.com/r/zagreb_no1/comments/1wqopzx/pitali_smo_zagrepčane_što_misle_o_novom_maksimiru/	reddit	protiv	Objava u r/zagreb_no1; poveznica ili slika bez teksta	da
2026-09-26	slobodnadalmacija.hr	I to se dogodilo, dio navijača po prvi put zviždao Zvonimiru Bobanu! Evo što im je poručio	https://slobodnadalmacija.hr/sport/domaci-nogomet/evo-i-to-se-dogodilo-dio-navijaca-po-prvi-put-zvizdao-zvonimiru-bobanu-evo-sto-im-je-porucio-1581030	vijest	mjesovito	Dio navijača prvi put zviždao Bobanu zbog stadiona.	da
2026-09-26	slobodnadalmacija.hr	Navijači mahom zgroženi onim što su vidjeli, ovo je osam najvećih pogrešaka novog Maksimira	https://slobodnadalmacija.hr/sport/domaci-nogomet/navijaci-mahom-zgrozeni-onim-sto-su-vidjeli-ovo-je-osam-najvecih-pogresaka-novog-maksimira-1580980	analiza	protiv	Slobodna Dalmacija nabraja osam najvećih pogrešaka novog Maksimira.	da
2026-09-26	slobodnadalmacija.hr	Ovo su scenariji kojima se može poništiti projekt Maksimir! Natječaji koji nisu prošli dobit će gotovo 600.000 eura...	https://slobodnadalmacija.hr/sport/domaci-nogomet/ovo-su-scenariji-kojima-se-moze-ponistiti-projekt-maksimir-natjecaji-koji-nisu-prosli-dobit-ce-gotovo-600-000-eura-1581037	analiza	neutralno	Slobodna Dalmacija o pravnim scenarijima poništenja i isplati nagrada.	da
2026-09-26	slobodnadalmacija.hr	Zaboravljena kontroverza oko Poljuda otvara nadu navijačima Dinama. Ni Magaš nije bio inicijalni prvi izbor	https://slobodnadalmacija.hr/sport/hajduk/kontroverzna-gradnja-poljuda-dokaz-je-da-se-ne-mora-zazivjeti-novi-maksimir-magas-nije-bio-inicijalni-prvi-izbor-1580968	analiza	protiv	Slobodna Dalmacija: kontroverza oko Poljuda pokazuje da se odabrano rješenje ne mora realizirati.	da
2026-09-26	sportklub.hr	Oglasili su se autori novog Maksimira nakon lavine kritika	https://sportklub.hr/nogomet/oglasili-su-se-autori-novog-maksimira-nakon-lavine-kritika/	vijest	pro	Autori novog Maksimira oglasili se nakon lavine kritika.	da
2026-09-26	sportklub.hr	VIDEO / Barić za SK o novom stadionu: 'Tko je Boban u svemu tome? Ovaj stadion se ne može izgraditi, ova priča ne stoji'	https://sportklub.hr/nogomet/video-baric-za-sk-o-novom-stadionu-tko-je-boban-u-svemu-tome-ovaj-stadion-se-ne-moze-izgraditi-ova-prica-ne-stoji/	video	protiv	Barić za Sportklub: ovaj stadion se ne može izgraditi.	da
2026-09-26	sportnet.hr	Boban branio novo rješenje Maksimira, od publike dobio zvižduke	https://sportnet.hr/vijesti/nogomet-supersport-hnl/boban-branio-novo-rjesenje-maksimira-od-publike-dobio-zvizduke/632516/	vijest	protiv	Boban branio rješenje na Plavoj noći u Čitluku i dobio zvižduke.	da
2026-09-26	telegram.hr	Arhitekt Barić prozvao Bobana i Maksimir: 'Ovo se ne može napraviti'	https://www.telegram.hr/telesport/na-prvu/arhitekt-baric-zestoko-o-novom-maksimiru-ovo-se-ne-moze-napraviti-tko-je-boban-u-svemu-tome/	vijest	protiv	Barić: ovo se ne može napraviti.	da
2026-09-26	telegram.hr	Arhitekti za Telegram govore o stadionu. Uglavnom hvale ali kažu: 'Žiri mora bolje sve objasniti’	https://www.telegram.hr/vijesti/ugledni-arhitekti-za-telegram-govore-o-novom-stadionu-uglavnom-hvale-ali-kazu-ziri-mora-bolje-objasniti-odluku/	analiza	pro	Ugledni arhitekti za Telegram uglavnom hvale rješenje, ali traže bolje obrazloženje žirija.	da
2026-09-26	telegram.hr	Barić tvrdi da je konstrukcija novog Maksimira neodrživa: ‘Oscara statičaru koji ovo izvede’	https://www.telegram.hr/vijesti/arhitekt-baric-tvrdi-da-je-konstrukcija-novog-maksimira-totalno-neodrziva-oscara-staticaru-koji-ovo-izvede/	vijest	protiv	Barić: konstrukcija je neodrživa.	da
2026-09-26	telegram.hr	Boban prvi put doživio zvižduke Dinamovih navijača	https://www.telegram.hr/telesport/na-prvu/boban-dozivio-prve-zvizduke-dinamovih-navijaca-pa-opet-branio-stadion-to-je-daleko-najbolje-rjesenje/	vijest	mjesovito	Boban doživio zvižduke navijača pa ponovno branio stadion.	da
2026-09-26	telegram.hr	Boban ustraje: 'Novi Maksimir je arhitektonsko remek-djelo, savršeno zdanje!'	https://www.telegram.hr/vijesti/boban-ustraje-novi-maksimir-je-arhitektonsko-remek-djelo-savrseno-zdanje-fenomenalan-i-jako-komforan/	vijest	pro	Boban ustraje: remek-djelo, savršeno zdanje.	da
2026-09-26	telegram.hr	Stranka Selak Raspudić najavljuje referendum o stadionu: 'On ne smije biti spomenik nečijem egu'	https://www.telegram.hr/politika-kriminal/stranka-selak-raspudic-najavljuje-referendum-o-stadionu-on-ne-smije-biti-spomenik-necijem-egu/	vijest	protiv	Stranka Selak Raspudić najavljuje referendum o stadionu.	da
2026-09-26	telegram.hr	Talijanski arhitekti koji stoje iza novog Maksimira: 'Brojni aspekti ostali su nevidljivi'	https://www.telegram.hr/vijesti/talijanski-arhitekti-koji-stoje-iza-novog-stadiona-u-maksimiru-brojni-aspekti-ostali-su-nevidljivi/	intervju	pro	Talijanski arhitekti: brojni aspekti ostali su nevidljivi.	da
2026-09-26	telegram.hr	Viralna priča o Bobanovom nećaku i novom Maksimiru čista je izmišljotina. Pravi nećak sve objasnio	https://www.telegram.hr/vijesti/viralna-prica-o-bobanovom-necaku-i-novom-maksimiru-cista-je-izmisljotina-pravi-necak-sve-objasnio/	vijest	neutralno	Telegram: priča o Bobanovu nećaku i nepotizmu je izmišljotina.	da
2026-09-26	tportal.hr	Autori novog Maksimira odgovorili na kritike: 'Razumijemo snažne emocije'	https://www.tportal.hr/vijesti/clanak/autori-novog-maksimira-odgovorili-na-kritike-razumijemo-snazne-emocije-foto-20260926	vijest	pro	Autori VG13 odgovaraju na kritike i kažu da razumiju snažne emocije.	da
2026-09-26	tportal.hr	Boban o kritikama novog Maksimira: Ja vjerujem da će se riješiti sve ono što ljude brine	https://www.tportal.hr/sport/clanak/boban-o-kritikama-novog-maksimira-ja-vjerujem-da-ce-se-rijesiti-sve-ono-sto-ljude-brine-20260926	vijest	pro	Boban u Čitluku vjeruje da će se riješiti sve što ljude brine.	da
2026-09-26	tportal.hr	Dinamovci su sinoć prvi put zviždali Bobanu: Evo kako im je odgovorio na negodovanje	https://www.tportal.hr/sport/clanak/dinamovci-su-sinoc-prvi-put-zvizdali-bobanu-evo-kako-im-je-odgovorio-na-negodovanje-20260926	vijest	protiv	Dinamovci prvi put zviždali Bobanu zbog stadiona.	da
2026-09-26	tportal.hr	Drito protiv rješenja za Maksimir: Traže referendum o stadionu	https://www.tportal.hr/vijesti/clanak/drito-protiv-rjesenja-za-maksimir-traze-referendum-o-stadionu-foto-20260926	vijest	protiv	DOMiNO traži referendum o zaustavljanju odabranog rješenja.	da
2026-09-26	tportal.hr	Evo kad se Dinamo seli na Kranjčevićevu i kad kreće rušenje Maksimira	https://www.tportal.hr/sport/clanak/evo-kad-se-dinamo-seli-na-kranjcevicevu-i-kad-krece-rusenje-maksimira-20260926	vijest	neutralno	Rokovi Dinamove selidbe u Kranjčevićevu i početka rušenja Maksimira.	da
2026-09-26	tportal.hr	Evo što se mora dogoditi da se poništi natječaj na kojem je izabran novi Maksimir	https://www.tportal.hr/sport/clanak/evo-sto-se-mora-dogoditi-da-se-ponisti-natjecaj-na-kojem-je-izabran-novi-maksimir-20260926	analiza	neutralno	Objašnjenje pravnih uvjeta za poništenje natječaja.	da
2026-09-26	tportal.hr	Legenda hrvatskog sporta žestoko po novom Maksimiru: 'Utrošit ćemo 200 milijuna da bi sve bilo isto, pa i gore'	https://www.tportal.hr/sport/clanak/legenda-hrvatskog-sporta-zestoko-po-novom-maksimiru-utrosit-cemo-200-milijuna-da-bi-sve-bilo-isto-pa-i-gore-20260926	intervju	protiv	Željko Pavličević: potrošit će se 200 milijuna da bi sve bilo isto ili gore.	da
2026-09-26	tportal.hr	Otto Barić našao veliki propust u projektu novog Maksimira: 'Ajmo sad realno'	https://www.tportal.hr/vijesti/clanak/otto-baric-nasao-veliki-propust-u-projektu-novog-maksimira-ajmo-sad-realno-20260926	vijest	protiv	Otto Barić upozorava na veliki propust u konstrukciji projekta.	da
2026-09-26	vecernji.hr	Arhitekti novog stadiona: 'Kružilo je tek nekoliko prikaza projekta. Izgubljen je uvid u većinu aspekata prijedloga'	https://www.vecernji.hr/vijesti/arhitekti-novog-stadiona-kruzilo-je-tek-nekoliko-prikaza-projekta-izgubljen-je-uvid-u-vecinu-aspekata-prijedloga-1998893	vijest	pro	Arhitekti VG13 tvrde da je javnost vidjela tek nekoliko prikaza i izgubila uvid u projekt.	da
2026-09-26	vecernji.hr	Drito najavio referendum o novom Maksimiru: Ako ne prođe u Skupštini, skupljat će potpise građana	https://www.vecernji.hr/vijesti/drito-najavio-referendum-o-novom-maksimiru-ako-ne-prode-u-skupstini-skupljat-ce-potpise-gradana-1998815	vijest	protiv	Stranka DOMiNO najavljuje referendum i prikupljanje potpisa protiv odabranog rješenja.	da
2026-09-26	vecernji.hr	FOTO Ovo je svih 88 ideja za novi Maksimir: Kako je sve mogao izgledati	https://www.vecernji.hr/sport/foto-ovo-je-svih-88-ideja-za-novi-maksimir-pogledajte-kako-je-mogao-izgledati-1998768	galerija	neutralno	Galerija svih 88 natječajnih rješenja za novi Maksimir i Svetice.	da
2026-09-26	vecernji.hr	Najružniji stadioni na svijetu: Među betonskim ruglima nalazi se i 'stari' zagrebački Maksimir	https://www.vecernji.hr/lifestyle/ovo-su-najruzniji-stadioni-na-svijetu-medu-betonskim-ruglima-nalazi-se-i-stari-zagrebacki-maksimir-1998499	galerija	neutralno	Popis najružnijih stadiona svijeta na kojem se nalazi i stari Maksimir.	da
2026-09-26	vecernji.hr	Otto Barić opet se oglasio o novom stadionu: Ako se javi relevantan statičar koji bi ovo znao...	https://www.vecernji.hr/vijesti/arhitekt-otto-baric-o-pobjednickom-rjesenju-za-maksimir-ako-staticar-ovo-izvede-zasluzuje-oscara-1998744	vijest	protiv	Otto Barić ponovno dovodi u pitanje statičku izvedivost pobjedničkog rješenja.	da
2026-09-26	vecernji.hr	Stručnjaci o Maksimiru: Stadion ne mora biti svjetleća torta ili svemirski brod usred parka	https://www.vecernji.hr/vijesti/strucnjaci-o-maksimiru-stadion-ne-mora-biti-svjetleca-torta-ili-svemirski-brod-usred-parka-1998616	analiza	mjesovito	Stručnjaci iznose podijeljena mišljenja o izgledu novog stadiona.	da
2026-09-26	vecernji.hr	Znamo kada Dinamo seli na Kranjčevićevu i kada kreće rušenje Maksimira	https://www.vecernji.hr/sport/znamo-kada-dinamo-seli-na-kranjcevicevu-i-kada-krece-rusenje-maksimira-1998643	vijest	neutralno	Rokovi Dinamove selidbe u Kranjčevićevu i početka rušenja Maksimira.	da
2026-09-26	vijesti.hrt.hr	Drito najavljuje referendum o zaustavljanju idejnog rješenja novog stadiona	https://vijesti.hrt.hr/hrvatska/drito-najavljuje-referendum-o-zaustavljanju-idejnog-rjesenja-novog-stadiona-12926918	vijest	protiv	HRT: Drito najavljuje referendum o zaustavljanju rješenja.	da
2026-09-26	youtube.com	Novi Maksimir, Svetice i Borongaj u detalje | Natječajni rad TVORZI	https://www.youtube.com/watch?v=9YtrpbnKUdU	video	neutralno	Detaljniji video TVORZI-ja o stadionu, Sveticama i Borongaju.	da
2026-09-26	youtube.com	The New Maksimir Stadium Is Causing Controversy - But There Were 88 Designs	https://www.youtube.com/watch?v=8kniwzTy8u4	video	mjesovito	Engleski YouTube video prikazuje kontroverzu oko pobjednika i pregled ostalih od 88 radova.	da
2026-09-26	youtube:ATAK studio	Stadion Maksimir - reakcija na rezultate arhitektonskog natječaja	https://www.youtube.com/watch?v=NzagJB75F6k	video	mjesovito	ATAK studio (arhitekti) reakcija na rezultate natječaja, snimljeno 25.9. (60.550 pregleda 28.9.).	da
2026-09-26	zagreb.info	Boban odgovorio kritičarima novog Maksimira: 'To je arhitektonsko remek-djelo'	https://www.zagreb.info/sport/boban-odgovorio-kriticarima-novog-maksimira-to-je-arhitektonsko-remek-djelo/878676/	vijest	pro	Boban kritičarima: to je arhitektonsko remek-djelo.	da
2026-09-26	zagreb.info	Otto Barić ponovno opleo: Ovaj detalj na novom stadionu Maksimir smatra posebno problematičnim	https://www.zagreb.info/vijesti/otto-baric-ponovno-opleo-ovaj-detalj-na-novom-stadionu-maksimir-smatra-posebno-problematicnim/878548/	vijest	protiv	Barić ponovno kritizira detalj stadiona.	da
2026-09-26	zagreb.info	Talijanski arhitekti odgovorili na kritike javnosti: 'Razumijemo zašto budućnost Maksimira izaziva tako snažne emocije'	https://www.zagreb.info/vijesti/talijanski-arhitekti-odgovorili-na-kritike-javnosti-razumijemo-zasto-buducnost-maksimira-izaziva-tako-snazne-emocije/878699/	vijest	pro	Talijanski arhitekti odgovaraju na kritike javnosti.	da
2026-09-26	zagreb.info	Zagrebački Drito najavljuje mogućnost referenduma zbog novog stadiona: 'Spremni smo izaći na ulice'	https://www.zagreb.info/vijesti/zagrebacki-drito-najavljuje-mogucnost-referenduma-zbog-novog-stadiona-spremni-smo-izaci-na-ulice/878624/	vijest	protiv	Drito najavljuje referendum i spremnost na ulice.	da
2026-09-27	24sata.hr	'ZVONE, ZBUDI SE' Pogledajte što Zagorci misle o stadionu i poruku s nadvožnjaka u Zaboku	https://www.24sata.hr/sport/foto-protiv-novog-maksimira-su-i-u-zagorju-navijaci-dinama-postavili-su-nove-transparente-1157103	vijest	protiv	Transparent Zvone zbudi se u Zaboku i reakcije Zagoraca na stadion.	da
2026-09-27	24sata.hr	Boban okrenuo ploču!? 'Nemam pravo ne boriti se za to da se respektiraju ideje navijača...'	https://www.24sata.hr/sport/boban-okrenuo-plocu-nemam-pravo-ne-boriti-se-za-to-da-se-respektiraju-ideje-navijaca-1157163	vijest	mjesovito	Boban nakon pritiska navijača poručuje da se mora boriti da se njihove ideje respektiraju.	da
2026-09-27	24sata.hr	Boysi: Ne možemo podržati ovakav stadion. Očekujemo od kluba da poštuje želje navijača	https://www.24sata.hr/sport/boysi-ne-mozemo-podrzati-ovakav-stadion-ocekujemo-od-kluba-da-postuje-zelje-navijaca-1157091	priopcenje	protiv	Bad Blue Boys odbacuju izabrano rješenje i traže poštovanje želja navijača.	da
2026-09-27	24sata.hr	Kultni hrvatski klub je objavio idejni projekt novog stadiona: Ako može Dinamo, možemo i mi	https://www.24sata.hr/sport/kultni-hrvatski-klub-je-objavio-idejni-projekt-novog-stadiona-ako-moze-dinamo-mozemo-i-mi-1157104	vijest	neutralno	Marsonia objavila idejni projekt svog stadiona pozivajući se na Dinamo.	da
2026-09-27	baustela.hr	Arhitekt o novom Maksimiru: Rješenje se može mijenjati, a ovog ne bi bilo da se pitalo Turinu	https://www.baustela.hr/estetika/vijesti/87541/arhitekt-o-novom-maksimiru-rjesenje-se-moze-mijenjati-a-ovog-ne-bi-bilo-da-se-pitalo-turinu/vijest	intervju	mjesovito	Arhitekt za Baustelu: rješenje se može mijenjati.	da
2026-09-27	direktno.hr	Boban odgovorio Boysima: 'Ono što je neupitna istina jest...'	https://direktno.hr/sport/boban-odgovorio-boysima-ono-sto-je-neupitna-istina-jest-405232/	vijest	mjesovito	Boban odgovara Boysima.	da
2026-09-27	direktno.hr	Boysi se napokon oglasili o novom Maksimiru: 'Ne možemo ga podržati'	https://direktno.hr/sport/boysi-se-napokon-oglasili-o-novom-maksimiru-ne-mozemo-ga-podrzati-405205/	vijest	protiv	Bad Blue Boysi: ne možemo podržati ovo rješenje.	da
2026-09-27	direktno.hr	Novi Maksimir nazvali betonskom kutijom za alat: Imaju pitanje za Tomaševića i Glavinu	https://direktno.hr/domovina/novi-maksimir-nazvali-betonskom-kutijom-za-alat-imaju-pitanje-za-tomasevica-i-glavinu-405204/	vijest	protiv	Most naziva rješenje betonskom kutijom za alat.	da
2026-09-27	direktno.hr	Zurovec poslao poruku Bobanu i Tomaševiću: Stao uz Boyse	https://direktno.hr/zagreb/zurovec-poslao-poruku-bobanu-i-tomasevicu-stao-uz-boyse-405231/	vijest	protiv	Zurovec staje uz Boyse i poručuje Bobanu i Tomaševiću.	da
2026-09-27	dnevnik.hr	Bura oko stadiona se ne stišava, nazvali ga betonskom kutijom za alat: "Tražimo odgovornost"	https://dnevnik.hr/vijesti/hrvatska/zagrebacki-most-trazi-odgovornost-ako-se-odustane-od-rjesenja-za-novi-maksimir---1004093.html	vijest	protiv	Most traži političku i financijsku odgovornost Tomaševića i Glavine zbog rješenja.	da
2026-09-27	dnevno.hr	Most o novom stadionu Maksimir: 'To je betonska kutija za alat koju plaćaju građani'	https://www.dnevno.hr/vijesti/most-o-novom-stadionu-maksimir-to-je-betonska-kutija-za-alat-koju-placaju-gradani-3427612/	vijest	protiv	Most: betonska kutija za alat koju plaćaju građani.	da
2026-09-27	dnevno.hr	Odjeknula Bobanova poruka iz Maksimira: Dinamov predsjednik otvoreno odgovorio BBB-ima	https://www.dnevno.hr/sport/odjeknula-bobanova-poruka-iz-maksimira-dinamov-predsjednik-otvoreno-odgovorio-bbb-ima-3427951/	vijest	mjesovito	Dnevno o Bobanovu odgovoru BBB-u.	da
2026-09-27	dnevno.hr	Srpski mediji o Bobanu i novom Maksimiru: 'Hrvatima možeš raditi svašta, ali jedno ne diraj'	https://www.dnevno.hr/sport/srpski-mediji-o-bobanu-i-novom-maksimiru-hrvatima-mozes-raditi-svasta-ali-jedno-ne-diraj-3427814/	vijest	protiv	Srpski mediji o Bobanu i novom Maksimiru.	da
2026-09-27	facebook.com	njiric+ arhitekti: d-hive competition entry, 4th prize (Facebook)	https://www.facebook.com/njiric.arhitekti/posts/d-hivecompetition-entry-for-the-new-maksimir-stadium-in-zagreb4th-prize/1588229706428081/	natjecateljski-rad	neutralno	Ista objava rada d-hive na Facebooku (datum približan).	snippet
2026-09-27	germanijak.hr	Boban povukao kočnicu: “Većina navijača smatra da ovo rješenje nije dobro, borit ću se da vas se čuje“	https://germanijak.hr/nogomet/vijesti/boban-povukao-kocnicu-vecina-navijaca-smatra-da-ovo-rjesenje-nije-dobro-borit-cu-se-da-vas-se-cuje/167493	vijest	mjesovito	Boban priznaje da većina navijača smatra rješenje lošim i obećava borbu da se čuju.	da
2026-09-27	github.com	ne-znam/stadion	https://github.com/ne-znam/stadion	projekt	neutralno	Javni kod Stadium Overlaya (bez licence).	da
2026-09-27	gnkdinamo.hr	Priopćenje predsjednika Zvonimira Bobana	https://gnkdinamo.hr/hr/vijesti/priopcenje-predsjednika-zvonimira-bobana	priopcenje	mjesovito	Dinamo objavljuje Bobanovo pismo: ostaje pri glasu, ali će zastupati volju navijača.	da
2026-09-27	gol.dnevnik.hr	Bad Blue Boysi se oglasili o pitanju idejnog rješenja novog Maksimira	https://gol.dnevnik.hr/clanak/rubrika/nogomet/bad-blue-boysi-se-oglasili-o-pitanju-idejnog-rjesenja-novog-maksimira---1004105.html	priopcenje	protiv	Bad Blue Boys jasno protiv novog Maksimira.	da
2026-09-27	gol.dnevnik.hr	Boban reagirao nakon pobune Bad Blue Boysa zbog novog Maksimira	https://gol.dnevnik.hr/clanak/rubrika/nogomet/boban-reagirao-nakon-pobune-oko-novog-maksimira---1004155.html	vijest	mjesovito	Boban reagira na pobunu Bad Blue Boysa na službenoj stranici Dinama.	da
2026-09-27	index.hr	Boban se oglasio i odgovorio Boysima i navijačima. Pročitajte pismo	https://www.index.hr/sport/clanak/boban-se-oglasio-i-odgovorio-boysima-procitajte-pismo/2839245.aspx	vijest	mjesovito	Boban otvorenim pismom odgovara Boysima i obećava da će se ideje navijača čuti.	da
2026-09-27	index.hr	Boysi: Ne možemo podržati ovakav stadion	https://www.index.hr/vijesti/clanak/boysi-ne-mozemo-podrzati-ovakav-stadion/2839120.aspx	priopcenje	protiv	Bad Blue Boys priopćenjem poručili da ne mogu podržati odabrani stadion.	da
2026-09-27	index.hr	Bravo, Zvone	https://www.index.hr/sport/clanak/bravo-zvone/2839252.aspx	kolumna	mjesovito	Komentar hvali Bobana što je, iako ne mijenja mišljenje, stao uz zahtjeve navijača.	da
2026-09-27	index.hr	DP nezadovoljan rješenjem novog Maksimira. Traže da se pita građane	https://www.index.hr/vijesti/clanak/dp-nezadovoljan-rjesenjem-novog-maksimira-traze-da-se-pita-gradjane/2839127.aspx	vijest	protiv	Stranka DP traži elektroničko izjašnjavanje građana o novom Maksimiru.	da
2026-09-27	index.hr	FOTO U Zaboku osvanula poruka Bobanu nakon odabira novog Maksimira	https://www.index.hr/sport/clanak/foto-poruka-bobanu-kod-zaboka-zvone-zbudi-se/2839139.aspx	vijest	protiv	U Zaboku osvanula navijačka poruka Bobanu protiv odabranog rješenja.	da
2026-09-27	index.hr	Kultni hrvatski klub objavio planove novog stadiona: "Ako Dinamo može, možemo i mi"	https://www.index.hr/sport/clanak/kultni-hrvatski-klub-objavio-planove-novog-stadiona-ako-dinamo-moze-mozemo-i-mi/2839119.aspx	vijest	neutralno	Klub iz Slavonskog Broda objavio planove svog stadiona pozivajući se na Dinamo.	da
2026-09-27	index.hr	Most žestoko reagirao zbog novog Maksimira	https://www.index.hr/vijesti/clanak/most-o-novom-maksimiru-generacijsku-priliku-su-pretvorili-u-kutiju-za-alat/2839094.aspx	vijest	protiv	Most Zagreb nazvao rješenje betonskom kutijom za alat i propuštenom generacijskom prilikom.	da
2026-09-27	instagram.com	Nordic Office of Architecture: At match night the drama descends	https://www.instagram.com/p/Dd0c7qNF92C/	natjecateljski-rad	neutralno	Druga objava Nordica s noćnim prikazima prijedloga.	da
2026-09-27	jutarnji.hr	Dosad najteži udarac Bobanu? Bad Blue Boysi se konačno oglasili o novom Maksimiru	https://www.jutarnji.hr/sportske/nogomet/bbb-protiv-pobjednickog-projekta-stadiona-maksimir-otvoreni-kutovi-tribine-15750359	vijest	protiv	Bad Blue Boys odbacuju VG13 rješenje zbog otvorenih kutova i nepovezanih tribina.	da
2026-09-27	jutarnji.hr	Je li ovo najcrnji scenarij: Dinamovo ‘NE‘, poništenje, agonija, a Boban na kraju napušta klub?	https://www.jutarnji.hr/sportske/nogomet/hnl/klubovi/dinamo/ponistenje-natjecaja-maksimir-rizik-za-dinamo-zagreb-i-bobana-15750380	analiza	mjesovito	Analiza najcrnjeg scenarija poništenja projekta i posljedica za Dinamo i Bobana.	da
2026-09-27	jutarnji.hr	Kako nakon svega nazvati novi Dinamov stadion: Po legendama ili je još aktualna ona najjednostavnija varijanta?	https://www.jutarnji.hr/sportske/nogomet/reprezentacija/drazan-jerkovic-ciro-blazevic-ili-jednostavno-maksimir-kako-nazvati-novi-dinamov-stadion-15750492	analiza	neutralno	Rasprava o imenu novog Dinamova stadiona.	da
2026-09-27	jutarnji.hr	Maksimir je oživio na tri dana, ali i postavio pitanje: ‘Hoćemo li opet dočekati - onaj osjećaj?!‘	https://www.jutarnji.hr/sportske/nogomet/nogomet-mix/dvikend-na-starom-maksimiru-tri-dana-sporta-navijaca-i-nostalgije-15750462	vijest	neutralno	Trodnevni sportski vikend na starom Maksimiru uz pitanje atmosfere novog stadiona.	da
2026-09-27	jutarnji.hr	Od ‘objektivno čudesnog‘ do ‘ka‘e ovo?!‘	https://www.jutarnji.hr/sportske/nogomet/nogomet-mix/maketa-maksimira-izazvala-bijes-navijaca-bobanov-projekt-pod-udarom-15750481	kolumna	protiv	Komentar opisuje kako je maketa pretvorila euforiju u ogorčenje protiv Bobanove vizije.	da
2026-09-27	jutarnji.hr	Zvonimir Boban odgovorio BBB i poslao poruku navijačima Dinama	https://www.jutarnji.hr/sportske/nogomet/boban-trazi-uvazavanje-navijaca-za-novi-maksimir-vg13-ziri-15750469	vijest	mjesovito	Boban priznaje otpor navijača i traži da se njihove ideje ugrade u konačno rješenje.	da
2026-09-27	jutarnji.hr	‘Primijetio sam golem propust, javnost ovo mora znati! Jedan kadar novog Maksimira budi sumnju...‘	https://www.jutarnji.hr/sportske/nogomet/nogomet-mix/citatelj-kritizira-render-novog-maksimira-propusti-ai-kapacitet-15750414	vijest	protiv	Čitatelj tvrdi da renderi gube kapacitet i nose tragove AI generiranja.	da
2026-09-27	klikni.hr	Boysi 'udarili' po novom Maksimiru, evo što kažu o izgledu stadiona	https://www.klikni.hr/aktualno/2026/09/27/boysi-udarili-po-novom-maksimiru-evo-sto-kazu-o-izgledu-stadiona/	vijest	protiv	Klikni.hr: Boysi napali izgled stadiona.	da
2026-09-27	klikni.hr	Novi Maksimir još nije gotova stvar: Nakon reakcije navijača očito će se razmatrati drugo rješenje	https://www.klikni.hr/aktualno/2026/09/27/novi-maksimir-jos-nije-gotova-stvar-nakon-reakcije-navijaca-ocito-ce-se-razmatrati-drugo-rjesenje/	vijest	mjesovito	Klikni.hr: nakon reakcije navijača razmatra se drugo rješenje.	da
2026-09-27	maksimirski-stadion.org	Maksimirski stadion · Javno glasanje za natječajne radove	https://www.maksimirski-stadion.org/hr	projekt	mjesovito	Neovisna inicijativa (voditelj obrade Nenad Bakić), anketa za 3 rada bez provjere identiteta; 28.9. VG13 tek 15., vodi 3LHD.	da
2026-09-27	maxportal.hr	Najteži udarac Bobanu dosad! Bad Blue Boysi se oglasili o novom Maksimiru	https://www.maxportal.hr/vijesti/najtezi-udarac-bobanu-dosad-bad-blue-boysi-se-oglasili-o-novom-maksimiru/	vijest	protiv	Maxportal: BBB se oglasio protiv novog Maksimira.	da
2026-09-27	milanvibes.it	L'ex Milan Boban fischiato dai tifosi della Dinamo Zagabria: il motivo	https://milanvibes.it/news-milan-boban-sportske-novosti-dinamo-zagabria-protesta/	vijest	protiv	Milanvibes prema Sportskim novostima prenosi prosvjed navijača protiv Bobana zbog stadiona.	da
2026-09-27	mondo.rs	Zvonimir Boban odgovorio Bed blu bojsima: 'Većina vas smatra da ovo nije dobra odluka'	https://mondo.rs/Sport/Fudbal/a2287898/zvonimir-boban-odgovorio-bbb-o-novom-stadionu-dinama.html	vijest	mjesovito	Mondo prenosi Bobanov odgovor BBB-u u kojem priznaje nezadovoljstvo većine navijača.	da
2026-09-27	n1info.hr	Boban se obratio navijačima Dinama zbog novog stadiona: Većina vas smatra da to nije dobra odluka...	https://n1info.hr/vijesti/boban-se-obratio-navijacima-dinama-zbog-novog-stadiona-vecina-vas-smatra-da-to-nije-dobra-odluka/	vijest	mjesovito	N1 prenosi Bobanovo pismo navijačima.	da
2026-09-27	n1info.hr	Most žestoko o novom Maksimiru: "Betonska kutija za alat"	https://n1info.hr/vijesti/most-zestoko-o-novom-maksimiru-betonska-kutija-za-alat/	vijest	protiv	Most: betonska kutija za alat.	da
2026-09-27	n1info.hr	Stigla reakcija Boysa na novi Maksimir: "Ovakvo rješenje ne možemo podržati"	https://n1info.hr/vijesti/stigla-reakcija-boysa-na-novi-maksimir-ovakvo-rjesenje-ne-mozemo-podrzati/	vijest	protiv	Bad Blue Boysi: ovakvo rješenje ne možemo podržati.	da
2026-09-27	nacional.hr	'PUNO JE POTROŠENO' Most: Novi stadion je betonska kutija za alat, netko mora preuzeti odgovornost	https://www.nacional.hr/puno-je-potroseno-most-novi-stadion-je-betonska-kutija-za-alat-netko-mora-preuzeti-odgovornost-ponudili-i-kandidate/	vijest	protiv	Nacional: Most traži odgovornost za trošak.	da
2026-09-27	nacional.hr	BBB SE OGLASILI 'Ne možemo podržati ovakav stadion'! Evo što su tražili	https://www.nacional.hr/bbb-se-oglasili-ne-mozemo-podrzati-ovakav-stadion-evo-sto-su-trazili/	vijest	protiv	Nacional: BBB ne može podržati ovakav stadion.	da
2026-09-27	nacional.hr	USRED ŽESTOKIH KRITIKA Tvorci novog stadiona stižu u Zagreb: 'Javnost nije sve vidjela, proučavali smo rad hrvatskog arhitekta'	https://www.nacional.hr/usred-zestokih-kritika-tvorci-novog-stadiona-stizu-u-zagreb-javnost-nije-sve-vidjela-proucavali-smo-rad-hrvatskog-arhitekta/	vijest	pro	Nacional: autori stižu u Zagreb, tvrde da javnost nije sve vidjela.	da
2026-09-27	net.hr	Boysi se oglasili o novom Maksimiru i rekli što očekuju: 'Ovo ne možemo podržati'	https://net.hr/sport/nogomet/bad-blue-boys-o-novom-stadionu-maksimir-6b64f376-ba57-11f1-936f-9600040c8f8e	priopcenje	protiv	Bad Blue Boys priopćenjem poručuju da ne mogu podržati odabrano rješenje.	da
2026-09-27	novilist.hr	Boban navijačima o stadionu: Nemam pravo ne boriti se za to da se vaše ideje čuju i respektiraju	https://www.novilist.hr/novosti/hrvatska/boban-navijacima-o-stadionu-nemam-pravo-ne-boriti-se-za-to-da-se-vase-ideje-cuju-i-respektiraju/	vijest	mjesovito	Novi list: Boban obećava borbu da se ideje navijača čuju.	da
2026-09-27	novilist.hr	DP traži izjašnjavanje građana o idejnom rješenju stadiona Maksimir	https://www.novilist.hr/novosti/hrvatska/dp-trazi-izjasnjavanje-gradana-o-idejnom-rjesenju-stadiona-maksimir/	vijest	protiv	DP traži izjašnjavanje građana o rješenju.	da
2026-09-27	novilist.hr	Maksimir postaje politička bomba. Tomašević i ministar ga podržali, zagrebački HDZ sad udara po vlastitoj Vladi	https://www.novilist.hr/novosti/hrvatska/maksimir-postaje-politicka-bomba-tomasevic-i-ministar-ga-podrzali-zagrebacki-hdz-sad-udara-po-vlastitoj-vladi/	analiza	mjesovito	Novi list: Maksimir postaje politička bomba unutar HDZ-a i prema Gradu.	da
2026-09-27	novilist.hr	Most žestoko protiv odabranog projekta stadiona Maksimir: "To je betonska kutija za alat"	https://www.novilist.hr/novosti/most-zestoko-protiv-odabranog-projekta-stadiona-maksimir-to-je-betonska-kutija-za-alat/	vijest	protiv	Novi list: Most protiv odabranog projekta.	da
2026-09-27	reddit:croatia	Zašto je odabrani dizajn za stadion u Maksimiru jedini od predloženih otvorenog tipa??	https://www.reddit.com/r/croatia/comments/1wrfm68/zašto_je_odabrani_dizajn_za_stadion_u_maksimiru/	reddit	protiv	Pitanje zašto je jedino odabrano rješenje otvorenog tipa.	da
2026-09-27	reddit:dinamo	Arhitekti novog maksimirskog stadiona za 24sata: Proučavali smo Turinu, drukčiji je od drugih	https://www.reddit.com/r/dinamo/comments/1wrdkag/arhitekti_novog_maksimirskog_stadiona_za_24sata/	reddit	pro	Prenesen intervju arhitekata VG13 za 24sata (proučavali Turinu, najavljuju predstavljanje).	da
2026-09-27	reddit:dinamo	KAKO ĆE IZGLEDATI MAKSIMIR I ZAŠTO BI VAM TO TREBALO BITI VAŽNO ili ti polemika o novom stadionu u Maksimiru, te filozofski ogled zašto je to najvažni	https://www.reddit.com/r/dinamo/comments/1wrjvxd/kako_će_izgledati_maksimir_i_zašto_bi_vam_to/	reddit	protiv	Objava u r/dinamo; poveznica ili slika bez teksta	da
2026-09-27	reddit:dinamo	Može li VG13 svojim odustajanjem zapravo otvoriti put prema novom Maksimiru?	https://www.reddit.com/r/dinamo/comments/1wrymnf/može_li_vg13_svojim_odustajanjem_zapravo_otvoriti/	reddit	protiv	Spekulacija može li odustajanje VG13 otvoriti put novom rješenju.	da
2026-09-27	reddit:dinamo	Službena izjava @VG13, arhitektonskog ureda koji se proslavio proteklih dana, na IG	https://www.reddit.com/r/dinamo/comments/1wrllvh/službena_izjava_vg13_arhitektonskog_ureda_koji_se/	reddit	pro	Prenesena službena izjava VG13 s Instagrama.	da
2026-09-27	reddit:dinamo	Tekst Thomasa Bauera	https://www.reddit.com/r/dinamo/comments/1wrl3lc/tekst_thomasa_bauera/	reddit	protiv	Prenesen tekst Thomasa Bauera protiv „diktata struke”.	da
2026-09-27	reddit:dinamo	Zvonimir Boban upravo	https://www.reddit.com/r/dinamo/comments/1wrqwob/zvonimir_boban_upravo/	reddit	mjesovito	Prenesen tekst Bobanova pisma članovima i BBB-u.	da
2026-09-27	reddit:hrvatska	KAKO ĆE IZGLEDATI MAKSIMIR I ZAŠTO BI VAM TO TREBALO BITI VAŽNO ili ti polemika o novom stadionu u Maksimiru, te filozofski ogled zašto je to najvažni	https://www.reddit.com/r/hrvatska/comments/1wrjlcd/kako_će_izgledati_maksimir_i_zašto_bi_vam_to/	reddit	protiv	Objava u r/hrvatska: U državi koju su zadnjih mjeseci pregazili inflacija, požari, ekološki skandali i u kojoj je politički cirkus razvukao uzduž i poprijeko svo…	da
2026-09-27	slobodnadalmacija.hr	Bad Blue Boysi konačno se oglasili o novom stadionu Dinama: ‘Ne možemo podržati ovo‘	https://slobodnadalmacija.hr/sport/domaci-nogomet/bad-blue-boysi-se-konacno-oglasili-o-novom-stadionu-dinama-ne-mozemo-podrzati-ovo-1581142	vijest	protiv	Slobodna Dalmacija: BBB ne podržava novi stadion.	da
2026-09-27	slobodnadalmacija.hr	Boban se oglasio o stadionu i odgovorio Boysima, evo što im je poručio: ‘Samo sam kap u moru...	https://slobodnadalmacija.hr/sport/domaci-nogomet/boban-se-oglasio-o-stadionu-i-odgovorio-boysima-evo-sto-im-je-porucio-samo-sam-kap-u-moru-glasao-sam-za-1581204	vijest	mjesovito	Slobodna Dalmacija prenosi Bobanov odgovor Boysima.	da
2026-09-27	sport.hrt.hr	Bad Blue Boysi: Ovakav stadion ne možemo podržati	https://sport.hrt.hr/hrvatski-nogomet/bad-blue-boysi-ovakav-stadion-ne-mozemo-podrzati-12928245	vijest	protiv	HRT: Bad Blue Boysi ne mogu podržati ovakav stadion.	da
2026-09-27	sport.hrt.hr	Boban odgovorio Bad Blue Boysima i poslao poruku navijačima	https://sport.hrt.hr/hrvatski-nogomet/boban-odgovorio-bad-blue-boysima-12928642	vijest	mjesovito	HRT: Boban odgovara BBB-u i šalje poruku navijačima.	da
2026-09-27	sportinjo.informer.rs	'Nećemo ovako ružan stadion'! Hrvati na sav glas pljuju novi 'Maksimir'	https://sportinjo.informer.rs/fudbal/ostale-vesti/24121/stadion-maksimir-navijaci	vijest	protiv	Sportinjo prenosi stav navijača da je stadion ružan i da odbijaju odabrano rješenje.	da
2026-09-27	sportklub.hr	Boban se oglasio pismom, odgovorio je na kritike struke, navijača i BBB-a	https://sportklub.hr/nogomet/shnl/boban-se-oglasio-pismom-odgovorio-je-na-kritike-struke-navijaca-i-bbb-a/	vijest	mjesovito	Sportklub: Boban pismom odgovara struci, navijačima i BBB-u.	da
2026-09-27	sportklub.hr	SKener: Boban će prije napustiti Dinamo, nego ostati upamćen kao faraon koji je ukrao Svetinju!	https://sportklub.hr/nogomet/skener-boban-ce-prije-napustiti-dinamo-nego-ostati-upamcen-kao-faraon-koji-je-ukrao-svetinju/	kolumna	protiv	Sportklubov SKener: Boban će prije otići nego ostati upamćen po ovom stadionu.	da
2026-09-27	sportklub.hr	Žestok udarac za Bobana: Bad Blue Boysi se oglasili i odbacili pobjedničko rješenje za novi Maksimir!	https://sportklub.hr/nogomet/zestok-udarac-za-bobana-bad-blue-boysi-se-oglasili-i-odbacili-pobjednicko-rjesenje-za-novi-maksimir/	vijest	protiv	Sportklub: BBB odbacio pobjedničko rješenje.	da
2026-09-27	sportnet.hr	Bobanova poruka navijačima: 'Nemam pravo, kao ni itko drugi unutar Kluba, ne boriti se za to da se vaše ideje čuju'	https://sportnet.hr/vijesti/nogomet-supersport-hnl/bobanova-poruka-navijacima-nemam-pravo-kao-ni-itko-drugi-unutar-kluba-ne-boriti-se-za-to-da-se-vase-ideje-cuju/632586/	vijest	mjesovito	Boban poručuje navijačima da će se boriti da se njihove ideje čuju.	da
2026-09-27	sportnet.hr	Konačno se oglasili Bad Blue Boysi na temu novog stadiona: 'Ne možemo podržati ovakav prijedlog'	https://sportnet.hr/vijesti/nogomet-supersport-hnl/konacno-se-oglasili-bad-blue-boysi-na-temu-novog-stadiona-ne-mozemo-podrzati-ovakav-prijedlog/632569/	priopcenje	protiv	Bad Blue Boys: ne možemo podržati ovakav prijedlog.	da
2026-09-27	stadion.nezn.am	Stadium Overlay	https://stadion.nezn.am	projekt	neutralno	Marko Banušić / Ne Znam: tlocrti svjetskih stadiona u stvarnom mjerilu preko Maksimira.	da
2026-09-27	stadiony.net	Chorwacja: Zaprezentowano projekt nowego stadionu Dinama Zagrzeb	https://stadiony.net/aktualnosci/2026/09/chorwacja_zaprezentowano_projekt_nowego_stadionu_dinama_zagrzeb	analiza	pro	Poljska inačica StadiumDB-a (Stadiony.net) s istim opisom pobjedničkog rada i ostalih nagrada.	da
2026-09-27	stadiumdb.com	Croatia: Design for Dinamo Zagreb's new stadium unveiled	https://stadiumdb.com/news/2026/09/croatia_design_for_dinamo_zagrebs_new_stadium_unveiled	analiza	pro	StadiumDB opširno opisuje pobjednički koncept, obrazloženje žirija, svih pet nagrada, troškove i rokove, s pozitivnim tonom.	da
2026-09-27	telegram.hr	'Maksimir je postao urbanističko čudovište, a polemika oko novog stadiona dokaz je gubitka razuma'	https://www.telegram.hr/vijesti/arhitekt-siladin-maksimir-je-postao-urbanisticko-cudoviste-a-polemika-oko-novog-stadiona-dokaz-je-gubitka-razuma/	intervju	pro	Arhitekt Siladin: polemika dokaz gubitka razuma, Maksimir je urbanističko čudovište.	da
2026-09-27	telegram.hr	BBB poručili da ne podržavaju dizajn novog Maksimira	https://www.telegram.hr/telesport/na-prvu/bad-blue-boys-ne-podrzavaju-novi-maksimir-idejno-rjesenje-nije-u-skladu-s-osnovnim-nacelima/	vijest	protiv	Telegram: BBB ne podržava dizajn.	da
2026-09-27	telegram.hr	Most novi Maksimir nazvao betonskom kutijom za alat, prozvao Tomaševića i Vladu	https://www.telegram.hr/vijesti/most-novi-maksimir-nazvao-betonskom-kutijom-za-alat-prozvao-tomasevica-i-vladu/	vijest	protiv	Telegram: Most naziva novi Maksimir betonskom kutijom.	da
2026-09-27	tportal.hr	BBB-i odlučno stali protiv novog Maksimira: 'Ovo pitanje nadilazi ljude koji upravljaju klubom'	https://www.tportal.hr/sport/clanak/bbb-i-odlucno-stali-protiv-novog-maksimira-ovo-pitanje-nadilazi-ljude-koji-upravljaju-klubom-20260927	priopcenje	protiv	Bad Blue Boys odlučno protiv novog Maksimira.	da
2026-09-27	tportal.hr	FOTO Ovako Srbi vide novi stadion Maksimir: Njihov rad nije ušao ni u uži izbor	https://www.tportal.hr/vijesti/clanak/foto-ovako-srbi-vide-novi-stadion-maksimir-njihov-rad-nije-usao-ni-u-uzi-izbor-20260927	galerija	neutralno	Rad novosadskog studija DBA Architects koji nije ušao u uži izbor.	da
2026-09-27	tportal.hr	I DP se javio zbog stadiona Maksimir: Traže očitovanje građana	https://www.tportal.hr/vijesti/clanak/dp-novom-maksimiru-zamjera-nekoliko-stvari-traze-da-se-o-svemu-izjasne-gradani-20260927	vijest	protiv	DP traži očitovanje građana o stadionu Maksimir.	da
2026-09-27	tportal.hr	Most novi Maksimir naziva 'betonskom kutijom za alat': Poslali poruku Tomaševiću i Glavini	https://www.tportal.hr/vijesti/clanak/most-novi-maksimir-naziva-betonskom-kutijom-za-alat-poslali-poruku-tomasevicu-i-glavini-20260927	vijest	protiv	Most naziva rješenje betonskom kutijom za alat i šalje poruku Tomaševiću i Glavini.	da
2026-09-27	tportal.hr	Zvonimir Boban odgovorio na kritike Bad Blue Boysa. Evo što im je poručio	https://www.tportal.hr/sport/clanak/zvonimir-boban-odgovorio-na-kritike-bad-blue-boysa-evo-sto-im-je-porucio-foto-20260927	vijest	mjesovito	Boban odgovara Bad Blue Boysima i traži da se čuju navijačke ideje.	da
2026-09-27	vecernji.hr	Bad Blue Boysi poručili: Takvo rješenje novog Dinamovog stadiona ne možemo podržati	https://www.vecernji.hr/sport/bad-blue-boysi-jasno-porucili-da-ne-mogu-podrzati-ideju-novog-dinamovog-stadiona-1998954	priopcenje	protiv	Bad Blue Boys traže zatvoren stadion sa spojenim tribinama i odbijaju pobjedničko rješenje.	da
2026-09-27	vecernji.hr	Boban nakon burnih reakcija na novi stadion: 'Duboko ostajem pri svom uvjerenju, ali ne smijemo ignorirati navijače'	https://www.vecernji.hr/sport/boban-nakon-burnih-reakcija-na-novi-stadion-duboko-ostajem-pri-svom-uvjerenju-ali-ne-smijemo-ignorirati-navijace-1999049	vijest	mjesovito	Boban ostaje pri uvjerenju o projektu, ali poručuje da se navijači ne smiju ignorirati.	da
2026-09-27	vecernji.hr	Boban se oglasio i odgovorio Boysima i navijačima, pročitajte pismo (uklonjeno)	https://www.vecernji.hr/sport/boban-se-oglasio-i-odgovorio-boysima-i-navijacima-procitajte-pismo-1999050	uklonjeno		Članak vraća 404 („stranica je uklonjena”) na dan 28.9.2026.; nema snimke u Wayback arhivu.	da
2026-09-27	vecernji.hr	DP traži referendum o novom Maksimiru: 'Zagreb zaslužuje stadion za navijače, a ne za žiri'	https://www.vecernji.hr/zagreb/dp-trazi-referendum-o-novom-maksimiru-zagreb-zasluzuje-stadion-za-navijace-a-ne-za-ziri-1998968	vijest	protiv	DP traži savjetodavno elektroničko izjašnjavanje Zagrepčana o novom Maksimiru.	da
2026-09-27	vijesti.hrt.hr	Ne stišavaju se reakcije na idejno rješenje budućeg stadiona Maksimir	https://vijesti.hrt.hr/hrvatska/zagrebacki-most-trazi-odgovornost-ako-se-odustane-od-rjesenja-za-novi-maksimir-12928201	vijest	mjesovito	HRT: zagrebački Most traži odgovornost ako se od rješenja odustane.	da
2026-09-27	x.com/gnkdinamo	GNK Dinamo: pismo predsjednika Zvonimira Bobana navijačima i BBB-u	https://x.com/gnkdinamo/status/2104271303708701182	sluzbeno	mjesovito	Boban ostaje pri svom glasu, ali priznaje da većina navijača rješenje smatra lošim i obećaje da će se njihove ideje čuti; oko 26.000 pregleda.	snippet
2026-09-27	youtube.com	They Chose THIS as the New Maksimir Stadium… But Look at the Other 87	https://www.youtube.com/watch?v=U4ojMiwF0a8	video	protiv	Engleski YouTube video suprotstavlja pobjednički rad ostalim prijedlozima i sugerira da su bili bolji.	da
2026-09-27	youtube:BIJELO-PLAVA RES PUBLICA	Kao porezni obveznik, ne želim novi Maksimir	https://www.youtube.com/watch?v=_8nJJkUxows	video	protiv	Bijelo-plava Res Publica: „kao porezni obveznik, ne želim novi Maksimir” (4.591 pregleda 28.9.).	da
2026-09-27	youtube:Didan Vidan	BOBANOV DOLAC! #maksimir #zagreb #stadion #dinamo #zvonimirboban #tomasevic #nogomet #hrvatska	https://www.youtube.com/watch?v=auIHKeS7Ig0	video	protiv	Kratki satirični video „Bobanov dolac” o betonskoj arhitekturi (611 pregleda 28.9.).	da
2026-09-27	youtube:Sport nedjeljom official	U ime Maksimira: Zašto je novi stadion samo prepakirani stari beton?? Zaslužujemo bolje!!	https://www.youtube.com/watch?v=qlOI7UqKfT4	video	protiv	Sport nedjeljom „U ime Maksimira”: novi stadion kao „prepakirani stari beton” (15.601 pregleda 28.9.).	da
2026-09-27	youtube:Sportklub Hrvatska	Barić za SK: "Tko je Boban u svemu tome? Ovaj stadion se ne može izgraditi, ova priča ne stoji."	https://www.youtube.com/watch?v=9Z59bBas0K8	video	protiv	Sportklub: Otto Barić „ovaj stadion se ne može izgraditi”, pita tko je Boban u svemu (51.765 pregleda 28.9.).	da
2026-09-27	youtube:TVORZI — Архитектура. Проектирование. Дизайн.	Što ako danas nema utakmice? 🏟️ Maksimir, Svetice i Borongaj | TVORZI	https://www.youtube.com/watch?v=jvJ-4jmlSPI	video	neutralno	TVORZI: kompleks koji živi i bez utakmice (natječajni rad) (1.026 pregleda 28.9.).	da
2026-09-27	youtube:ᴅᴇᴅᴀ ᴠᴀɴɢᴀ	BBB REKLI 'NE' IDEJNOM RJEŠENJU ZA NOVI STADION!	https://www.youtube.com/watch?v=FhGoLx9ZRxE	video	protiv	Navijački kanal o priopćenju BBB-a koji su rekli „ne” idejnom rješenju (46.791 pregleda 28.9.).	da
2026-09-27	zadarskilist.novilist.hr	Most traži odgovornost ako se odustane od pobjedničkog rješenja za Maksimir	https://zadarskilist.novilist.hr/novosti/most-trazi-odgovornost-ako-se-odustane-od-pobjednickog-rjesenja-za-maksimir/	vijest	mjesovito	Zadarski list (Novi list): Most traži odgovornost ako se odustane.	da
2026-09-27	zagreb.info	Bad Blue Boysi o novom Maksimiru: 'Ovakav stadion ne možemo podržati'	https://www.zagreb.info/sport/bad-blue-boysi-o-novom-maksimiru-ovakav-stadion-ne-mozemo-podrzati/878772/	vijest	protiv	Zagreb.info: BBB ne može podržati stadion.	da
2026-09-27	zagreb.info	Boban reagirao nakon prozivki zbog novog stadiona: 'Velika većina vas smatra da to nije dobra odluka'	https://www.zagreb.info/sport/boban-reagirao-nakon-prozivki-zbog-novog-stadiona-velika-vecina-vas-smatra-da-to-nije-dobra-odluka/878877/	vijest	mjesovito	Zagreb.info: Boban priznaje da većina navijača ne podržava odluku.	da
2026-09-27	zagreb.info	Most prozvao Tomaševića i Glavinu zbog novog Maksimira: 'Netko mora preuzeti odgovornost'	https://www.zagreb.info/vijesti/most-prozvao-tomasevica-i-glavinu-zbog-novog-maksimira-netko-mora-preuzeti-odgovornost/878741/	vijest	protiv	Most proziva Tomaševića i Glavinu.	da
2026-09-28	direktno.hr	Ako je Boban tako opčinjen Tomaševićem, sigurno za to postoji razlog	https://direktno.hr/kolumne/ako-boban-tako-opcinjen-tomasevicem-sigurno-postoji-razlog-405222/	kolumna	protiv	Direktno kolumna o Bobanovoj opčinjenosti Tomaševićem.	da
2026-09-28	direktno.hr	Nakon nove Bobanove objave pljušte komentari: 'Nadamo se da neće ostati samo na tome'	https://direktno.hr/sport/nakon-nove-bobanove-objave-pljuste-komentari-nadamo-se-da-nece-ostati-samo-na-tome-405254/	vijest	mjesovito	Komentari nakon nove Bobanove objave.	da
2026-09-28	direktno.hr	Poznati Boys o Bobanovoj izjavi: 'Podsjetila me na Mamića, ali se gospodski ispravio'	https://direktno.hr/sport/poznati-boys-o-bobanovoj-izjavi-podsjetila-me-na-mamica-ali-se-gospodski-ispravio-405253/	vijest	mjesovito	Poznati Boys o Bobanovoj izjavi.	da
2026-09-28	efotbal.cz	Nový svatostánek Dinama Záhřeb budí rozpaky	https://www.efotbal.cz/article/novy-svatostanek-dinama-zahreb-budi-rozpaky-ocekavani-vystridala-po-odhaleni-navrhu-kritika-c19967f7-0f63-497a-a7a1-2ab049b80da1	vijest	protiv	Češki eFotbal piše da je očekivanja brzo zamijenila oštra kritika pobjedničkog rješenja.	da
2026-09-28	flashscore.cl	El nuevo estadio del Dínamo Zagreb, objeto de fuertes críticas	https://www.flashscore.cl/noticias/el-nuevo-estadio-del-dinamo-zagreb-objeto-de-fuertes-criticas/vTQLyznn/	vijest	protiv	Čileanski Flashscore prenosi da je novi Maksimir izazvao nezadovoljstvo i oštre kritike.	da
2026-09-28	gol.dnevnik.hr	Arhitekt usporedio novi Maksimir s poznatim kompleksom iz Madrida: "Kristalno jasno"	https://gol.dnevnik.hr/clanak/rubrika/nogomet/arhitekt-usporedio-novi-maksimir-s-poznatim-kompleksom-iz-madrida-kristalno-jasno---1004282.html	vijest	mjesovito	Arhitekt uspoređuje novi Maksimir s madridskim kompleksom Caja Mágica.	da
2026-09-28	index.hr	Nizozemski arhitekt: Novi Maksimir sličan je stadionu u Madridu, kristalno je jasan	https://www.index.hr/sport/clanak/nizozemski-arhitekt-novi-maksimir-slican-je-stadionu-u-madridu-kristalno-je-jasan/2839436.aspx	vijest	mjesovito	Nizozemski arhitekt Floris van der Poel uspoređuje rješenje s Caja Mágicom u Madridu.	da
2026-09-28	jutarnji.hr	FOTO Otkriveno kako će izgledati unutrašnjost stadiona na Kranjčevićevoj	https://www.jutarnji.hr/vijesti/zagreb/novi-renderi-stadiona-kranjceviceva-natkrivene-tribine-uefa-4-zagreb-15750665	galerija	neutralno	Novi render unutrašnjosti Kranjčevićeve čiji je završetak preduvjet rušenja Maksimira.	da
2026-09-28	jutarnji.hr	Kontroverzni Dinamov stadion ima veliku prednost: Zbog ovoga je godinama u problemu bila čak i slavna Arena	https://www.jutarnji.hr/sportske/nogomet/nogomet-mix/novi-maksimir-travnjak-arhitektura-funkcionalnost-otvoreniji-dizajn-15750575	analiza	pro	Tekst ističe funkcionalnu prednost otvorenog koncepta za travnjak i provjetravanje.	da
2026-09-28	maxportal.hr	Boban odgovorio Boysima oko Maksimira. Ovo je njegovo pismo	https://www.maxportal.hr/sport/boban-odgovorio-boysima-oko-maksimira-ovo-je-njegovo-pismo/	vijest	mjesovito	Maxportal objavljuje Bobanovo pismo Boysima.	da
2026-09-28	maxportal.hr	Hodak: Zašto je Zvone Boban tako opčinjen Tomaševićem	https://www.maxportal.hr/kolumne/hodak-zasto-je-zvone-boban-tako-opcinjen-tomasevicem/	kolumna	protiv	Hodak u kolumni kritizira Bobanov odnos s Tomaševićem.	da
2026-09-28	nacional.hr	NAVIJAČI ODLUČILI Pogledajte koji su stadion odabrali dinamovci! Bobanov nije ni među 15	https://www.nacional.hr/navijaci-odlucili-pogledajte-koji-su-stadion-odabrali-dinamovci-bobanov-nije-ni-medu-15/	anketa	protiv	Nacional: u neslužbenom glasanju navijača Bobanov izbor nije ni među 15.	da
2026-09-28	net.hr	Nizozemski arhitekt usporedio novi Maksimir s jednim od najpoznatijih sportskih dvorana	https://net.hr/sport/nogomet/nizozemski-arhitekt-usporedio-novi-maksimir-s-jednim-od-najpoznatijih-sportskih-dvorana-7c6fde51-bb21-11f1-936f-9600040c8f8e	vijest	mjesovito	Nizozemski arhitekt uspoređuje rješenje s Caja Mágicom u Madridu.	da
2026-09-28	net.hr	Novi stadion i reprezentacija u fokusu, no to je samo 'vrh sante leda'	https://net.hr/sport/ostali-sportovi/ako-ste-propustili-novi-stadion-i-reprezentacija-u-fokusu-no-to-je-samo-vrh-sante-leda-f4e32a1d-bb08-11f1-936f-9600040c8f8e	vijest	neutralno	Tjedni pregled Net.hr-a u kojem je novi stadion jedna od glavnih tema.	da
2026-09-28	sportklub.hr	Nizozemski arhitekt: Novi stadion Maksimir sličan je onom u Madridu	https://sportklub.hr/nogomet/nizozemski-arhitekt-novi-stadion-maksimir-slican-je-onom-u-madridu/	vijest	protiv	Nizozemski arhitekt uspoređuje rješenje s madridskim stadionom.	da
2026-09-28	vecernji.hr	Nizozemski arhitekt tvrdi da je novi Maksimir sličan stadionu u Madridu: 'Kristalno je jasno'	https://www.vecernji.hr/sport/nizozemski-arhitekt-tvrdi-da-je-novi-maksimir-slican-stadionu-u-madridu-kristalno-je-jasno-1999248	vijest	mjesovito	Nizozemski arhitekt uspoređuje novi Maksimir s madridskom Caja Mágicom.	da
2026-09-28	vecernji.hr	Paradoks je da ideju novog stadiona ruše navijači, oni zbog kojih se stadion i gradi	https://www.vecernji.hr/sport/paradoks-je-da-ideju-novog-stadiona-ruse-navijaci-oni-zbog-kojih-se-stadion-i-gradi-1999068	kolumna	pro	Komentar ističe paradoks da ideju novog stadiona ruše upravo navijači.	da
2026-09-28	youtube:Sportske novosti	Sportsko jutro: Boban je povukao ručnu. Traži se novo rješenje, ali da se ne izgubi puno vremena	https://www.youtube.com/watch?v=tugy7S8T6HI	video	mjesovito	Sportsko jutro: „Boban je povukao ručnu”, traži se novo rješenje bez gubitka vremena (2.192 pregleda 28.9.).	da
